,0,1
0,50,https://www.cityofchicago.org/content/city/en/depts/cdph/provdrs/health_services/svcs/register_for_freestihivaidsonlinecourses.html
1,327,http://author.cityofchicago.org/content/city/en/depts/dps/provdrs/contract/svcs/current_bid_opportunities.html
2,525,https://www.cityofchicago.org/content/city/en/depts/cdph/provdrs/health_services/svcs/register_for_freestihivaidsonlinecourses.html
3,531,https://www.cityofchicago.org/content/city/en/depts/ethics/provdrs/lobby/svcs/electronic_lobbyistfilingsystem.html
4,935,http://dev.cityofchicago.org/docs/api
5,4115,https://www.cityofchicago.org/city/en/ofinterest/href=/content/city/en/ofinterest/res.html
6,4117,https://www.cityofchicago.org/content/city/en/ofinterest/res/job/svcs.html
7,4117,https://www.cityofchicago.org/content/city/en/ofinterest/res/job/supp_info.html
8,4132,https://www.cityofchicago.org/city/en/ofinterest/href=/content/city/en/ofinterest/bus.html
9,4134,https://www.cityofchicago.org/content/city/en/ofinterest/bus/bldr/svcs.html
10,4134,https://www.cityofchicago.org/content/city/en/ofinterest/bus/bldr/supp_info.html
11,4134,https://www.cityofchicago.org/content/city/en/ofinterest/bus/contract/svcs.html
12,4134,https://www.cityofchicago.org/content/city/en/ofinterest/bus/contract/supp_info.html
13,4134,https://www.cityofchicago.org/content/city/en/ofinterest/bus/dvlpr/svcs.html
14,4134,https://www.cityofchicago.org/content/city/en/ofinterest/bus/dvlpr/supp_info.html
15,4135,https://www.cityofchicago.org/content/city/en/ofinterest/res/owner/svcs.html
16,4135,https://www.cityofchicago.org/content/city/en/ofinterest/res/owner/supp_info.html
17,4152,http://www.cityofchicago.org/city/en/depts/bacp/provdrs/enforce/alerts/2016/july/secondphaseplasticbagban.html
18,4157,https://www.cityofchicago.org/content/city/en/ofinterest/bus/exst_bus/svcs.html
19,4157,https://www.cityofchicago.org/content/city/en/ofinterest/bus/exst_bus/supp_info.html
20,4157,https://www.cityofchicago.org/content/city/en/ofinterest/bus/new_bus/svcs.html
21,4157,https://www.cityofchicago.org/content/city/en/ofinterest/bus/new_bus/supp_info.html
22,4161,https://www.cityofchicago.org/content/city/en/depts/other/provdrs/cta/svcs/customer_fairs.html
23,4162,https://www.cityofchicago.org/content/city/en/ofinterest/res/fam/svcs.html
24,4162,https://www.cityofchicago.org/content/city/en/ofinterest/res/fam/supp_info.html
25,4163,https://www.cityofchicago.org/content/city/en/ofinterest/res/parent/svcs.html
26,4163,https://www.cityofchicago.org/content/city/en/ofinterest/res/parent/supp_info.html
27,4163,https://www.cityofchicago.org/content/city/en/ofinterest/res/disab/svcs.html
28,4163,https://www.cityofchicago.org/content/city/en/ofinterest/res/disab/supp_info.html
29,4163,https://www.cityofchicago.org/content/city/en/ofinterest/res/senior/svcs.html
30,4163,https://www.cityofchicago.org/content/city/en/ofinterest/res/senior/supp_info.html
31,4165,https://www.cityofchicago.org/content/city/en/ofinterest/bus/edu/svcs.html
32,4165,https://www.cityofchicago.org/content/city/en/ofinterest/bus/edu/supp_info.html
33,4169,https://www.cityofchicago.org/content/city/en/depts/dhr/provdrs/emp/svcs/careers_service_center.html
34,4174,https://www.cityofchicago.org/content/city/en/ofinterest/res/motorists/svcs.html
35,4174,https://www.cityofchicago.org/content/city/en/ofinterest/res/motorists/supp_info.html
36,4174,https://www.cityofchicago.org/content/city/en/ofinterest/res/stud/svcs.html
37,4174,https://www.cityofchicago.org/content/city/en/ofinterest/res/stud/supp_info.html
38,4177,https://www.cityofchicago.org/city/en/depts/cdph/supp_info/public_health_preparedness/get-the-facts--extreme-cold-and-or-winter-storms.html
39,4177,https://www.cityofchicago.org/city/en/depts/cdph/supp_info/public_health_preparedness/ebola--get-the-facts.html
40,4244,https://www.cityofchicago.org/content/city/en/ofinterest/res/rent/svcs.html
41,4244,https://www.cityofchicago.org/content/city/en/ofinterest/res/rent/supp_info.html
42,4251,https://www.cityofchicago.org/content/city/en/ofinterest/bus/crgvr/svcs.html
43,4251,https://www.cityofchicago.org/content/city/en/ofinterest/bus/crgvr/supp_info.html
44,4251,https://www.cityofchicago.org/content/city/en/ofinterest/bus/health/svcs.html
45,4251,https://www.cityofchicago.org/content/city/en/ofinterest/bus/health/supp_info.html
46,4251,https://www.cityofchicago.org/content/city/en/ofinterest/res/child/svcs.html
47,4251,https://www.cityofchicago.org/content/city/en/ofinterest/res/child/supp_info.html
48,4251,https://www.cityofchicago.org/content/city/en/ofinterest/res/teen/svcs.html
49,4251,https://www.cityofchicago.org/content/city/en/ofinterest/res/teen/supp_info.html
50,4282,https://www.cityofchicago.org/content/city/en/ofinterest/bus/retail/svcs.html
51,4282,https://www.cityofchicago.org/content/city/en/ofinterest/bus/retail/supp_info.html
52,4282,https://www.cityofchicago.org/content/city/en/ofinterest/bus/trades/svcs.html
53,4282,https://www.cityofchicago.org/content/city/en/ofinterest/bus/trades/supp_info.html
54,4313,https://eprocurement.cityofchicago.org/
55,4314,https://www.cityofchicago.org/content/city/en/ofinterest/bus/mwdbe/svcs.html
56,4314,https://www.cityofchicago.org/content/city/en/ofinterest/bus/mwdbe/supp_info.html
57,4331,https://www.cityofchicago.org/content/city/en/depts/cdot/supp_info/consultant_paymentinformation.html
58,4338,https://www.cityofchicago.org/content/city/en/depts/cdph/provdrs/health_services/svcs/get_free_condomsatoneofourstispecialtyclinics.html
59,4351,https://www.cityofchicago.org/city/en/depts/cdph/supp_info/clinical_health/immunizations_walk-inclinics.html
60,4367,https://www.cityofchicago.org/city/en/depts/ethics/supp_info/camp_contributors.html
61,4372,https://author.cityofchicago.org/content/city/en/depts/cdph/provdrs/health_services.html
62,4372,https://author.cityofchicago.org/content/city/en/depts/cdph/provdrs/health_services/svcs/find_sti_hiv_capacitybuildingtrainingandtechnicalunit.html
63,4372,https://author.cityofchicago.org/content/city/en/depts/cdph/provdrs/health_services/svcs/get_yourself_evaluatedforstihivaids.html
64,4385,https://www.cityofchicago.org/content/city/en/ofinterest/bus/cultural/svcs.html
65,4385,https://www.cityofchicago.org/content/city/en/ofinterest/bus/cultural/supp_info.html
66,4400,https://www.cityofchicago.org/content/city/en/ofinterest/bus/non_prof/svcs.html
67,4400,https://www.cityofchicago.org/content/city/en/ofinterest/bus/non_prof/supp_info.html
68,4401,https://www.cityofchicago.org/content/city/en/ofinterest/bus/social/svcs.html
69,4401,https://www.cityofchicago.org/content/city/en/ofinterest/bus/social/supp_info.html
70,4402,https://www.cityofchicago.org/content/city/en/ofinterest/res/vol/svcs.html
71,4402,https://www.cityofchicago.org/content/city/en/ofinterest/res/vol/supp_info.html
72,4405,https://www.cityofchicago.org/content/city/en/depts/cdph/provdrs/health_services/svcs/register_for_freestihivaidsonlinecourses.html
73,4425,https://www.cityofchicago.org/content/city/en/depts/bacp/auto_generated/consumer_publandreports.html
74,4429,https://www.cityofchicago.org/content/city/en/ofinterest/bus/vend/svcs.html
75,4429,https://www.cityofchicago.org/content/city/en/ofinterest/bus/vend/supp_info.html
76,4477,http://www.cityofchicago.org/city/en/depts/cdph/provdrs/environmental_permitsregulation/svcs/household-chemicals---computer-recycling-facilitiy-overview.html
77,4478,https://www.cityofchicago.org/content/city/en/depts/streets/provdrs/streets_san/svcs/reduce_unwanted_mailandphonebooksathomeatwork.html
78,4478,http://www.cityofchicago.org/city/en/depts/cdph/supp_info/pharmaceuticals_dropofflocations.html
79,4503,http://author.cityofchicago.org/content/city/en/depts/oem/supp_info/alertready.html
80,4595,http://dev.cityofchicago.org/rsocrata/data%20portal/2017/05/07/docs/open311
81,4595,http://dev.cityofchicago.org//rsocrata/data%20portal/2017/05/07/new-export-socrata-feature.html
82,4602,https://digital.cityofchicago.org/index.php/page/2/bit.ly/ChicagoPortalPilot2016
83,4641,https://www.cityofchicago.org/content/city/en/depts/dca/supp_info/chicagomade.html
84,4644,https://www.cityofchicago.org/content/city/en/depts/dca/provdrs/markets_and_neighborhoodprograms/svcs/farmers_market_application.html
85,4659,https://www.cityofchicago.org/content/city/en/depts/olig.html
86,4681,https://www.cityofchicago.org/content/city/en/depts/cdph/supp_info/environmental_permitsandregulation/household_chemicalscomputerrecyclingfacilityoverview.html.html
87,4722,https://www.cityofchicago.org/content/city/en/depts/lac/supp_info/case-dispositions.html
88,4729,https://www.cityofchicago.org/city/en/depts/bacp/supp_info/rules_and_regulations.html
89,4736,https://www.cityofchicago.org/content/city/en/depts/obm/supp_info/innovation_loan_fund.html
90,4745,http://www.cityofchicago.org/city/en/depts/dca/supp_info/cultural_plan2.html
91,4757,https://www.cityofchicago.org/city/en/depts/cdph/provdrs/data_reports_and_administration/svcs/get_sti_hiv_datainchicago.html
92,4760,https://www.cityofchicago.org/content/city/en/depts/cdph/supp_info/influenza/current_flu_situationinchicago2011.html
93,4760,https://www.cityofchicago.org/content/city/en/depts/cdph/supp_info/clinical_health/immunizations_walk-inclinics.html
94,4778,https://www.cityofchicago.org/city/en/depts/cdot/supp_info/chicago-s-smart-lighting-project.html
95,4796,https://www.cityofchicago.org/content/city/en/depts/bacp/supp_info/public_chauffeurlicensesrevokedbetweenjanuary12007todecember3120.html
96,4801,https://www.cityofchicago.org/content/city/en/depts/cpb/supp_info/cpb_foia.html
97,4812,http://dev.cityofchicago.org/projects/docs/open311
98,4812,http://dev.cityofchicago.org/blog/docs/open311
99,4816,http://dev.cityofchicago.org/open%20data/data%20portal/2018/01/26/docs/open311
100,4816,http://dev.cityofchicago.org//open%20data/data%20portal/2018/01/26/building-violations-address-columns.html
101,4816,http://dev.cityofchicago.org/open%20data/data%20portal/2018/01/24/docs/open311
102,4816,http://dev.cityofchicago.org//open%20data/data%20portal/2018/01/24/safe-passage-update.html
103,4816,http://dev.cityofchicago.org/open%20data/data%20portal/2018/01/03/docs/open311
104,4816,http://dev.cityofchicago.org//open%20data/data%20portal/2018/01/03/311-alley-lights-out-not-updating.html
105,4816,http://dev.cityofchicago.org/open%20data/data%20portal/2017/11/20/docs/open311
106,4816,http://dev.cityofchicago.org//open%20data/data%20portal/2017/11/20/building-permits-issue-date.html
107,4816,http://dev.cityofchicago.org/open%20data/data%20portal/2017/10/24/docs/open311
108,4816,http://dev.cityofchicago.org//open%20data/data%20portal/2017/10/24/taxi-data-behind.html
109,4817,https://www.cityofchicago.org/content/city/en/depts/oem/supp_info/president_declaresmajordisasterforillinois.html
110,4817,https://www.cityofchicago.org/content/city/en/depts/oem/supp_info/illinois_disasterassistancecall1-800span.html
111,4817,https://www.cityofchicago.org/content/city/en/depts/oem/supp_info/disaster_assistanceapplicationprocessspan.html
112,4819,https://www.cityofchicago.org/content/city/en/progs/food-service-establishments.html
113,4822,http://www.cityofchicago.org/city/en/depts/mayor/supp_info/information-about-president-obamas-immigration-accountability-ex.html
114,4822,https://www.cityofchicago.org/city/en/narr/misc/2015-holiday-schedule.html
115,4822,http://www.cityofchicago.org/city/en/svcs/helpfulsvcs.html
116,4822,http://www.cityofchicago.org/city/en/progs/recovery_reinvest.html
117,4824,http://www.cityofchicago.org/content/city/en/ordinances.html
118,4827,https://www.cityofchicago.org/content/city/en/depts/fin/supp_info/bond_issuances0.html
119,4828,https://www.cityofchicago.org/content/city/en/depts/dca/supp_info/openhouse.html
120,4828,https://www.cityofchicago.org/city/en/depts/dcd/supp_info/city_owned_historic_buildings_for_sale/engine_company_84firehouse.html
121,4828,http://www.cityofchicago.org/city/en/depts/ethics/provdrs/lobby/svcs/lobbyist_registrationandreporting.html
122,4830,https://www.cityofchicago.org/content/city/en/depts/bacp/supp_info/knowbeforeyoucampaigb.html
123,4832,http://www.cityofchicago.org/city/en/depts/bacp/supp_info/annual_plastic_bagrecyclingreportinginformation.html
124,4842,https://www.cityofchicago.org/content/cityarchives/procurement/auctions/auctionjuly172004/index.html
125,4844,http://www.cityofchicago.org/city/en/depts/cdph/supp_info/food_environ/bed_bugs.html
126,4845,https://www.cityofchicago.org/content/city/en/depts/fin/supp_info/open_enrollment2013.html
127,4845,https://www.cityofchicago.org/content/city/en/depts/fin/supp_info/benefits_employeehandbooks/employee_benefitshandbook.html
128,4854,https://www.cityofchicago.org/content/city/en/depts/dcd/supp_info/tif_projection_reports.html
129,4854,https://www.cityofchicago.org/content/city/en/depts/fin/supp_info/bond_issuances.html
130,4854,https://www.cityofchicago.org/content/city/en/depts/fin/supp_info/debt_service_schedules.html
131,4854,https://www.cityofchicago.org/city/en/depts/fin/supp_info/bond_issuances0/credit_information.html
132,4854,https://www.cityofchicago.org/content/city/en/depts/cdph/provdrs/environmental_permitsregulation.html
133,4854,https://www.cityofchicago.org/city/en/depts/bacp/supp_info/annual_plastic_bagrecyclingreportinginformation.html
134,4855,https://www.cityofchicago.org/content/city/en/depts/dca/supp_info/Bike_Chicago_Archive/bike_chicago.html
135,4855,https://www.cityofchicago.org/content/city/en/depts/bacp/provdrs/enforce/svcs/operating_withoutabusinesslicense.html
136,4855,https://www.cityofchicago.org/content/city/en/depts/bacp/provdrs/enforce/svcs/motor_vehicle_repairfacility.html
137,4855,https://www.cityofchicago.org/city/en/depts/cdph/supp_info/environmental_permitsandregulation/household_chemicalscomputerrecyclingfacilityaccepteditems.html
138,4855,https://www.cityofchicago.org/content/city/en/depts/dca/supp_info/ohc.html
139,4855,https://www.cityofchicago.org/content/city/en/depts/dcd/supp_info/downtown_affordablehousingzoningbonus.html
140,4865,https://www.cityofchicago.org/content/city/en/depts/fss/supp_info/chicago_fitness_plusregionalcenterfitnessprogramming.html
141,4865,https://www.cityofchicago.org/content/city/en/depts/dca/supp_info/millennium_park4.html
142,4865,https://www.cityofchicago.org/content/city/en/depts/dca/supp_info/chicago_culturalcenter-thingstodo.html
143,4866,https://www.cityofchicago.org/content/city/en/depts/dcd/supp_info/chicago_low-incomehousingtrustfund.html
144,4867,https://www.cityofchicago.org/city/en/depts/cdph/provdrs/environmental_permitsregulation/svcs/household-chemicals---computer-recycling-facilitiy-overview.html
145,4868,https://www.cityofchicago.org/content/city/en/depts/dca/supp_info/sdparks3.html
146,4868,https://www.cityofchicago.org/content/city/en/depts/dca/supp_info/sdparks.html
147,4868,https://www.cityofchicago.org/city/en/depts/cdph/supp_info/environmental_permitsandregulation/construction_anddemolitiondebrisrecycling.html
148,4868,https://www.cityofchicago.org/content/city/en/depts/streets/supp_info/recycling1/blue_cart_faqs.html
149,4892,https://www.cityofchicago.org/content/city/en/dataset/garbage_cart_stolen_missing.html
150,4892,https://www.cityofchicago.org/content/city/en/dataset/graffiti_removal.html
151,4892,https://www.cityofchicago.org/content/city/en/depts/dcd/supp_info/eastwood_fire_house/the_stock_yards_nationalbank.html
152,4892,https://www.cityofchicago.org/content/city/en/depts/dcd/supp_info/eastwood_fire_house/the_ramova_theater.html
153,4892,https://www.cityofchicago.org/content/city/en/depts/dcd/supp_info/eastwood_fire_house/62nd_street_firehouse.html
154,4892,https://www.cityofchicago.org/content/city/en/depts/dcd/supp_info/eastwood_fire_house/pullman_firehouse.html
155,4892,http://www.cityofchicago.org/city/en/depts/dcd/supp_info/eastwood_fire_house/pullman_firehouse.html
156,4892,http://www.cityofchicago.org/city/en/depts/cdph/supp_info/tabacco_alcohol_drug_abuse/smoke_free_illinoisact.html
157,4896,https://www.cityofchicago.org/content/city/en/depts/bldgs/provdrs/construction_equipment.html
158,4896,https://www.cityofchicago.org/content/city/en/depts/dca/supp_info/creative_chicagoexpo6.html
159,4896,https://www.cityofchicago.org/content/city/en/depts/dca/supp_info/creative_chicagoexpo7.html
160,4896,https://www.cityofchicago.org/content/city/en/depts/dca/supp_info/creative_chicagoexpo2.html
161,4896,https://www.cityofchicago.org/content/city/en/depts/dca/supp_info/chicago_air_watershowima.html
162,4897,https://www.cityofchicago.org/content/city/en/depts/cdot/provdrs/permit/svcs/public_right_of_wayusepermit.html
163,4897,https://author.cityofchicago.org/content/city/en/depts/dcd/supp_info/demolition-delay-hold-list--2018-.html
164,4898,https://www.cityofchicago.org/content/city/en/depts/dcd/supp_info/eastwood_fire_house/the_john_raber_house.html
165,4898,https://www.cityofchicago.org/content/city/en/depts/dcd/supp_info/eastwood_fire_house.html
166,4898,https://www.cityofchicago.org/content/city/en/depts/bacp/sbc-es/smallbusinessexpos.html
167,4898,https://www.cityofchicago.org/content/city/en/progs/env/low-cost_educationandweatherizationprogram.html
168,4898,https://www.cityofchicago.org/content/city/en/depts/ethics/supp_info/camp_contributors.html
169,4898,https://www.cityofchicago.org/content/dam/city/depts/mopd/AccessChgo/AccessChicago%202016/2016%20AC%20EXHIBITORS%20and%20BOOTH
170,4902,https://www.cityofchicago.org/content/city/en/depts/dca/supp_info/fashion_focus_chicago3.html
171,4902,https://www.cityofchicago.org/content/city/en/depts/dca/supp_info/fashion_focus_chicago2.html
172,4902,https://www.cityofchicago.org/content/city/en/depts/dca/supp_info/fashionfocuschicago.html
173,4902,https://www.cityofchicago.org/content/city/en/depts/dca/supp_info/bikechicago1.html
174,4902,https://www.cityofchicago.org/content/city/en/depts/dca/supp_info/taste_of_chicago5.html
175,4902,https://www.cityofchicago.org/content/city/en/depts/dca/supp_info/taste_of_chicago3.html
176,4902,https://www.cityofchicago.org/content/city/en/depts/dca/supp_info/taste_of_chicago2.html
177,4904,https://www.cityofchicago.org/content/city/en/depts/streets/supp_info/division_and_wardofficeinformation.html
178,4904,https://www.cityofchicago.org/content/city/en/depts/dfm.html
179,4904,https://www.cityofchicago.org/content/city/en/depts/rev/provdrs/tax/svcs/registered_chicagotaxpayersearch.html
180,4906,https://www.cityofchicago.org/content/city/en/depts/bldgs/supp_info/learn_when_a_permitisneeded.html
181,4906,https://www.cityofchicago.org/city/en/depts/cdot/provdrs/construction_information/svcs/public_right_of_wayusepermit.html
182,4909,http://www.cityofchicago.org/city/en/depts/bldgs/supp_info/certificate-of-occupancy.html
183,4909,https://www.cityofchicago.org/content/city/en/depts/cdph/provdrs/infect_dis.html
184,4909,https://www.cityofchicago.org/content/city/en/depts/cdph/provdrs/communicable_diseases_info.html
185,4909,http://www.cityofchicago.org/city/en/depts/cdph/provdrs/environ_health.html
186,4909,http://www.cityofchicago.org/city/en/depts/cdph/provdrs/sti_hiv_aids.html
187,4909,http://www.cityofchicago.org/city/en/depts/cdph/provdrs/clinic/svcs/find_out_about_recommendedchildhoodimmunizations.html
188,4909,https://www.cityofchicago.org/content/city/en/depts/bacp/sbc/tax_credits_-_workforce.html?cq_ck=1376502129429
189,4912,https://www.cityofchicago.org/content/city/en/depts/cdph/provdrs/environmental_permitsregulation/svcs/household-chemicals---computer-recycling-facilitiy-overview.html
190,4912,https://www.cityofchicago.org/content/city/en/depts/mayor/supp_info/www.livestream.com/chicagomayorsoffice
191,4912,https://www.cityofchicago.org/content/city/en/depts/dca/supp_info/Archive/cvrtain.html
192,4912,https://www.cityofchicago.org/content/city/en/depts/dca/supp_info/Archive/blue_fish.html
193,4912,https://www.cityofchicago.org/city/en/progs/electricity_aggregation.html
194,4912,https://www.cityofchicago.org/content/city/en/depts/cdph/provdrs/preparedness.html
195,4913,https://www.cityofchicago.org/content/city/en/depts/dcd/supp_info/made_in_chicago0/made_in_chicago_-participatingcompanieskeepsakesawardsmerchandis/made_in_chicago_-participatingcompaniespackagingcontainersprepar.html
196,4913,https://www.cityofchicago.org/content/city/en/depts/cdot/provdrs/streetscapes.html
197,4916,https://www.cityofchicago.org/content/city/en/depts/dca/supp_info/childrenschoir.html
198,4916,https://www.cityofchicago.org/content/city/en/depts/dca/supp_info/nwubienen.html
199,4916,https://www.cityofchicago.org/content/city/en/depts/dca/supp_info/cyso.html
200,4916,https://www.cityofchicago.org/content/city/en/depts/dca/supp_info/mmc.html
201,4916,https://www.cityofchicago.org/content/city/en/depts/dca/supp_info/wait_wait.html
202,4916,https://www.cityofchicago.org/content/city/en/depts/dca/supp_info/broadway.html
203,4916,https://www.cityofchicago.org/content/city/en/depts/dca/supp_info/lang_lang.html
204,4916,https://www.cityofchicago.org/content/city/en/depts/dca/supp_info/mexico.html
205,4916,https://www.cityofchicago.org/content/city/en/depts/dca/supp_info/lyric_opera.html
206,4916,https://www.cityofchicago.org/content/city/en/depts/dca/supp_info/crowd_out.html
207,4916,https://www.cityofchicago.org/content/city/en/depts/dca/supp_info/asm.html
208,4916,https://www.cityofchicago.org/content/city/en/depts/dca/supp_info/millennium_park16.html
209,4917,https://ess-pay.cityofchicago.org/
210,4917,https://www.cityofchicago.org/content/city/en/depts/dca/supp_info/ohc0.html
211,4917,https://www.cityofchicago.org/content/city/en/depts/bldgs/supp_info/helpful_tips_foranyoneapplyingforagreenpermitmenuitems.html
212,4917,https://www.cityofchicago.org/content/city/en/depts/fin/supp_info/revenue/parking_and_red-lightnoticeinformation5/parking_and_complianceviolationdefenses.html
213,4917,https://www.cityofchicago.org/city/en/href=/content/city/en/ofinterest/bus.html
214,4917,https://www.cityofchicago.org/city/en/href=/content/city/en/ofinterest/res.html
215,4918,http://www.cityofchicago.org/city/en/depts/cdph/provdrs/sti_hiv_aids/svcs/get_yourself_evaluatedforstihivaids.html
216,4922,https://www.cityofchicago.org/content/city/en/depts/doe/provdrs/green.html
217,4922,http://www.cityofchicago.org/city/en/depts/cdph/supp_info/environmental_permitsandregulation/construction_anddemolitiondebrisrecycling.html
218,4922,http://www.cityofchicago.org/city/en/depts/cdph/supp_info/cfl_recycling_anddisposal.html
219,4923,https://www.cityofchicago.org/content/city/en/depts/streets/provdrs/streets_san/svcs/check_status_of_garbagecartservicerequest.html
220,4923,https://www.cityofchicago.org/city/en/depts/streets/supp_info/recycling1/recycling_multi-unitresidentialbuildings.html
221,4923,https://www.cityofchicago.org/city/en/depts/cdph/supp_info/pharmaceuticals_dropofflocations.html
222,4926,https://www.cityofchicago.org/city/en/depts/ah/supp_info/rules_and_ordinances/rules_regulations.html
223,4955,https://www.cityofchicago.org/content/city/en/depts/doe/supp_info/chicago_green_homesprogramaboutus.html
224,4955,https://www.cityofchicago.org/content/city/en/depts/fin/supp_info/revenue/tax_judgments.html
225,4955,https://www.cityofchicago.org/content/city/en/depts/rev/supp_info/cityofchicago.org/revenue
226,4955,https://www.cityofchicago.org/content/city/en/depts/cdph/provdrs/environmental_permitsregulation/svcs/apply_for_an_undergroundstoragetankpermit.html
227,4955,https://author.cityofchicago.org/content/city/en/depts/bldgs/supp_info/green_homes/chicago_green_homesprogramoverview.html
228,4958,https://www.cityofchicago.org/content/city/en/depts/bacp/supp_info/plastic_bag_recyclingfrequentlyaskedquestions.html
229,4958,https://www.cityofchicago.org/content/city/en/depts/water/provdrs/cust_serv/svcs/know_my_water_sewerrates.html
230,4958,https://www.cityofchicago.org/content/city/en/depts/doit/supp_info/about_wi-fi_.html
231,4958,https://www.cityofchicago.org/content/city/en/depts/dca/supp_info/taste_of_chicago25.html
232,4961,https://www.cityofchicago.org/content/city/en/ofinterest/res/exoffend/svcs.html
233,4961,https://www.cityofchicago.org/content/city/en/ofinterest/res/exoffend/supp_info.html
234,4983,https://www.cityofchicago.org/city/en/depts/fss/veterans/contact-us.html
235,4983,https://www.cityofchicago.org/content/city/en/depts/fss/veterans/contact-us.html
236,4993,https://www.cityofchicago.org/content/city/en/ofinterest/bus/art/svcs.html
237,4993,https://www.cityofchicago.org/content/city/en/ofinterest/bus/art/supp_info.html
238,4993,https://www.cityofchicago.org/content/city/en/ofinterest/bus/food/svcs.html
239,4993,https://www.cityofchicago.org/content/city/en/ofinterest/bus/food/supp_info.html
240,5032,https://www.cityofchicago.org/content/city/en/depts/dps/eprocurement1/calendar.html
241,5044,https://www.cityofchicago.org/content/city/en/depts/cdph/provdrs/health_services/svcs/register_for_freestihivaidsonlinecourses.html
242,5080,https://author.cityofchicago.org/siteadmin
243,5108,https://digital.cityofchicago.org/index.php/month-in-review-september-2016/bit.ly/ChicagoPortalPilot2016
244,5153,http://dev.cityofchicago.org/open%20data/data%20portal/2017/08/07/docs/open311
245,5153,http://dev.cityofchicago.org//open%20data/data%20portal/2017/08/07/opengrid-patch-release-1-4-1.html
246,5185,https://www.cityofchicago.org/content/city/en/depts/oem/supp_info/test.html
247,5197,https://www.cityofchicago.org/content/city/en/depts/cdot/supp_info/manhole_installationrequirements.html
248,5199,https://www.cityofchicago.org/content/city/en/sandbox.html
249,5215,https://www.cityofchicago.org/content/city/en/depts/mayor/supp_info/chicago-energy-benchmarking.html
250,5244,https://www.cityofchicago.org/content/city/en/depts/doa/provdrs/flight.html
251,5244,https://www.cityofchicago.org/content/city/en/depts/doa/provdrs/ada.html
252,5244,https://www.cityofchicago.org/content/city/en/depts/doa/provdrs/dbata.html
253,5244,https://www.cityofchicago.org/content/city/en/depts/doa/provdrs/omp.html
254,5244,https://www.cityofchicago.org/content/city/en/depts/doa/provdrs/maps.html
255,5248,https://www.cityofchicago.org/content/city/en/depts/obm/provdrs/ctac.html
256,5259,https://www.cityofchicago.org/content/city/en/depts/bldgs/provdrs/vacant_buildings/supp_info.html
257,5259,https://www.cityofchicago.org/content/city/en/depts/bldgs/supp_info/Pool.html
258,5271,https://www.cityofchicago.org/content/city/en/depts/bacp/sbc.html
259,5272,https://www.cityofchicago.org/content/city/en/depts/bacp/sbc-es.html
260,5272,https://www.cityofchicago.org/content/city/en/depts/bacp/iframe.html
261,5357,https://www.cityofchicago.org/content/city/en/depts/ethics/iframe.html
262,5362,https://www.cityofchicago.org/content/city/en/depts/fin/supp_info/BenefitsNews.html
263,5369,https://www.cityofchicago.org/content/city/en/depts/dfm/supp_info.html
264,5379,https://www.cityofchicago.org/content/city/en/depts/cchr/provdrs/lgbt.html
265,5532,https://www.cityofchicago.org/content/city/en/depts/dps/provdrs/contract/supp_info/vendor_helpful_tips.html
266,5539,https://www.cityofchicago.org/content/city/en/depts/cdph/provdrs/environmental_health.html
267,5542,https://www.cityofchicago.org/content/city/en/depts/cdph/supp_info/grant.html
268,5543,https://www.cityofchicago.org/content/city/en/depts/cdph/supp_info/influenza.html
269,5548,https://www.cityofchicago.org/content/city/en/depts/cdph/supp_info/healthy-chicago.html
270,5556,https://www.cityofchicago.org/content/city/en/depts/rev/supp_info.html
271,5569,https://www.cityofchicago.org/content/city/en/depts/cdot/provdrs/ped/supp_info/chicago_pedestrianplan.html
272,5583,https://www.cityofchicago.org/content/city/en/depts/zlup.html
273,5583,https://www.cityofchicago.org/content/city/en/depts/zlup/supp_info.html
274,5614,https://www.cityofchicago.org/content/city/en/about/wards/20/serving_you.html
275,5632,https://www.cityofchicago.org/content/city/en/sites/demo.html
276,5632,https://www.cityofchicago.org/content/city/en/sites/demo/home.html
277,5677,https://www.cityofchicago.org/content/city/en/sites/settlement.html
278,5705,http://dev.cityofchicago.org/open%20data/data%20portal/2017/06/30/docs/open311
279,5705,http://dev.cityofchicago.org//open%20data/data%20portal/2017/06/30/updated-city-boundary-file.html
280,5705,http://dev.cityofchicago.org/open%20data/data%20portal/2017/06/20/docs/open311
281,5705,http://dev.cityofchicago.org//open%20data/data%20portal/2017/06/20/updating-dataset-column-properties.html
282,5705,http://dev.cityofchicago.org/open%20data/data%20portal/2017/06/12/docs/open311
283,5705,http://dev.cityofchicago.org//open%20data/data%20portal/2017/06/12/red-light-camera-violations-not-updating.html
284,5705,http://dev.cityofchicago.org/blog/page2/docs/open311
285,5768,https://www.cityofchicago.org/content/city/en/depts/mayor/restaurant/home_page.html
286,5768,https://www.cityofchicago.org/content/city/en/depts/mayor/restaurant/guides_and_forms.html
287,5768,https://www.cityofchicago.org/content/city/en/depts/mayor/restaurant/writing_you_businessplan.html
288,5768,https://www.cityofchicago.org/content/city/en/depts/mayor/restaurant/introduction_to_restaurantlicensing.html
289,5768,https://www.cityofchicago.org/content/city/en/depts/mayor/restaurant/scheduling_inspections101.html
290,5768,https://www.cityofchicago.org/content/city/en/depts/mayor/restaurant/selecting_a_site.html
291,5768,https://www.cityofchicago.org/content/city/en/depts/mayor/restaurant/get_your_tax_id.html
292,5885,http://www.cityofchicago.org/city/en/depts/bacp/provdrs/enforce/alerts/2016/july/secondphaseplasticbagban.html
293,5945,http://www.cityofchicago.org/city/en/depts/cdph/iframe/scc_app.html
294,6009,https://www.cityofchicago.org/content/city/en/depts/cdph/provdrs/health_services/svcs/register_for_freestihivaidsonlinecourses.html
295,6072,https://www.cityofchicago.org/content/city/en/depts/mayor/pensionestimator/retirement_security.html
296,6074,http://www.cityofchicago.org/city/en/depts/doit/provdrs/dei/svcs/techlocator.html.html
297,6075,https://www.cityofchicago.org/city/en/depts/dca/culplan/<img src=
298,6075,https://www.cityofchicago.org/content/city/en/depts/cdph/supp_info/boh/board-of-health---rules---regulations.html
299,6106,https://www.cityofchicago.org/content/city/en/sites/chicagoearlylearning/home/search
300,6106,https://cel.cityofchicago.org/i18n/en/
301,6106,https://www.cityofchicago.org/content/city/en/sites/chicagoearlylearning/home/families.html
302,6107,https://www.cityofchicago.org/content/city/en/sites/chicagoearlylearning-es/home/search
303,6107,https://cel.cityofchicago.org/i18n/es/
304,6192,http://dev.cityofchicago.org/rsocrata/data%20portal/2017/04/20/docs/open311
305,6192,http://dev.cityofchicago.org//rsocrata/data%20portal/2017/04/20/rsocrata-172-now-available.html
306,6192,http://dev.cityofchicago.org/open%20data/data%20portal/2017/03/21/docs/open311
307,6192,http://dev.cityofchicago.org//open%20data/data%20portal/2017/03/21/building-permits-not-updating.html
308,6192,http://dev.cityofchicago.org/open%20data/data%20portal/2017/02/28/docs/open311
309,6192,http://dev.cityofchicago.org//open%20data/data%20portal/2017/02/28/new-data-portal-login-page.html
310,6192,http://dev.cityofchicago.org/open%20data/data%20portal/2017/01/31/docs/open311
311,6192,http://dev.cityofchicago.org//open%20data/data%20portal/2017/01/31/additional-datasets-are-missing-records.html
312,6192,http://dev.cityofchicago.org//open%20data/data%20portal/2017/01/31/food-inspection-records-are-missing.html
313,6192,http://dev.cityofchicago.org/open%20data/data%20portal/2017/01/06/docs/open311
314,6192,http://dev.cityofchicago.org//open%20data/data%20portal/2017/01/06/changes-to-business-owners.html
315,6192,http://dev.cityofchicago.org/open%20data/data%20portal/2016/10/21/docs/open311
316,6192,http://dev.cityofchicago.org//open%20data/data%20portal/2016/10/21/data-portal-outage.html
317,6192,http://dev.cityofchicago.org/open%20data/data%20portal/2016/09/28/docs/open311
318,6192,http://dev.cityofchicago.org//open%20data/data%20portal/2016/09/28/replacement-of-street-closure-permits-current.html
319,6192,http://dev.cityofchicago.org/open%20data/data%20portal/2016/09/16/docs/open311
320,6192,http://dev.cityofchicago.org//open%20data/data%20portal/2016/09/16/new-columns-in-transportation-department-permits.html
321,6192,http://dev.cityofchicago.org/blog/page3/docs/open311
322,6365,http://311request.cityofchicago.org/?page=2&service_id=4fd3b750e750846c5300001d
323,6365,http://311request.cityofchicago.org/?page=4&service_id=4fd3b750e750846c5300001d
324,6365,http://311request.cityofchicago.org/reports/18-00565369
325,6365,http://311request.cityofchicago.org/?page=3&service_id=4fd3b750e750846c5300001d
326,6365,http://311request.cityofchicago.org/?page=5&service_id=4fd3b750e750846c5300001d
327,6365,http://311request.cityofchicago.org/?page=19&service_id=4fd3b750e750846c5300001d
328,6365,http://311request.cityofchicago.org/?page=18&service_id=4fd3b750e750846c5300001d
329,6365,http://311request.cityofchicago.org/?page=20&service_id=4fd3b750e750846c5300001d
330,6365,http://311request.cityofchicago.org/?page=2&service_id=4ffa971e6018277d4000000b
331,6365,http://311request.cityofchicago.org/?page=4&service_id=4ffa971e6018277d4000000b
332,6365,http://311request.cityofchicago.org/?page=3&service_id=4ffa971e6018277d4000000b
333,6365,http://311request.cityofchicago.org/?page=5&service_id=4ffa971e6018277d4000000b
334,6365,http://311request.cityofchicago.org/?page=19&service_id=4ffa971e6018277d4000000b
335,6365,http://311request.cityofchicago.org/?page=18&service_id=4ffa971e6018277d4000000b
336,6365,http://311request.cityofchicago.org/?page=20&service_id=4ffa971e6018277d4000000b
337,6365,http://311request.cityofchicago.org/?page=2&service_id=4fd6e4ece750840569000019
338,6365,http://311request.cityofchicago.org/?page=4&service_id=4fd6e4ece750840569000019
339,6365,http://311request.cityofchicago.org/?page=3&service_id=4fd6e4ece750840569000019
340,6365,http://311request.cityofchicago.org/?page=5&service_id=4fd6e4ece750840569000019
341,6365,http://311request.cityofchicago.org/?page=19&service_id=4fd6e4ece750840569000019
342,6365,http://311request.cityofchicago.org/?page=18&service_id=4fd6e4ece750840569000019
343,6365,http://311request.cityofchicago.org/?page=20&service_id=4fd6e4ece750840569000019
344,6365,http://311request.cityofchicago.org/?page=2&service_id=4ffa995a6018277d4000003c
345,6365,http://311request.cityofchicago.org/?page=4&service_id=4ffa995a6018277d4000003c
346,6365,http://311request.cityofchicago.org/reports/18-00371530
347,6365,http://311request.cityofchicago.org/?page=3&service_id=4ffa995a6018277d4000003c
348,6365,http://311request.cityofchicago.org/?page=5&service_id=4ffa995a6018277d4000003c
349,6365,http://311request.cityofchicago.org/reports/17-06840790
350,6365,http://311request.cityofchicago.org/reports/17-06574510
351,6365,http://311request.cityofchicago.org/reports/17-06573888
352,6365,http://311request.cityofchicago.org/?page=19&service_id=4ffa995a6018277d4000003c
353,6365,http://311request.cityofchicago.org/?page=18&service_id=4ffa995a6018277d4000003c
354,6365,http://311request.cityofchicago.org/?page=20&service_id=4ffa995a6018277d4000003c
355,7947,http://dev.cityofchicago.org/docs/api
356,7971,http://www.cityofchicago.org/careers 
357,7973,http://dev.cityofchicago.org/open%20data/data%20portal/2015/07/16/docs/open311
358,7973,http://dev.cityofchicago.org//open%20data/data%20portal/2015/07/16/what-is-a-deprecated-dataset.html
359,7974,https://www.cityofchicago.org/content/city/en/depts/cdph/provdrs/health_services/svcs/register_for_freestihivaidsonlinecourses.html
360,7975,http://www.cityofchicago.org/city/en/depts/cdph/supp_info/environmental_permitsandregulation/construction_anddemolitiondebrisrecycling.html
361,7975,http://www.cityofchicago.org/city/en/depts/cdph/supp_info/cfl_recycling_anddisposal.html
362,7975,http://www.cityofchicago.org/city/en/depts/cdph/supp_info/pharmaceuticals_dropofflocations.html
363,8028,http://climatechange.cityofchicago.org/home/exit-epa
364,8072,http://climatechange.cityofchicago.org/home/pdf-files
365,8218,http://test311request.cityofchicago.org/?page=3&service_id=4ffa971e6018277d4000000b
366,8218,http://test311request.cityofchicago.org/?page=20&service_id=4ffa971e6018277d4000000b
367,8218,http://test311request.cityofchicago.org/?service_id=4fd6e4ece750840569000019
368,8218,http://test311request.cityofchicago.org/?page=2&service_id=4fd6e4ece750840569000019
369,8218,http://test311request.cityofchicago.org/?page=3&service_id=4fd6e4ece750840569000019
370,8218,http://test311request.cityofchicago.org/?page=20&service_id=4fd6e4ece750840569000019
371,8218,http://test311request.cityofchicago.org/?service_id=4ffa9db16018277d400000a2
372,8218,http://test311request.cityofchicago.org/?page=2&service_id=4ffa9db16018277d400000a2
373,8218,http://test311request.cityofchicago.org/?page=3&service_id=4ffa9db16018277d400000a2
374,8218,http://test311request.cityofchicago.org/?page=20&service_id=4ffa9db16018277d400000a2
375,8218,http://test311request.cityofchicago.org/?service_id=4ffa995a6018277d4000003c
376,8218,http://test311request.cityofchicago.org/?page=2&service_id=4ffa995a6018277d4000003c
377,8218,http://test311request.cityofchicago.org/?page=3&service_id=4ffa995a6018277d4000003c
378,8218,http://test311request.cityofchicago.org/?page=20&service_id=4ffa995a6018277d4000003c
379,8218,http://test311api.cityofchicago.org/?page=2
380,8218,http://test311api.cityofchicago.org/?page=4
381,8218,http://test311api.cityofchicago.org/reports/5a68d566e896b449ad0b5e27
382,8218,http://test311api.cityofchicago.org/reports/5a68d377e896b449ad0b5e1e
383,8218,http://test311api.cityofchicago.org/?page=3
384,8218,http://test311api.cityofchicago.org/?page=5
385,8218,http://test311api.cityofchicago.org/?page=19
386,8218,http://test311api.cityofchicago.org/?page=18
387,8218,http://test311api.cityofchicago.org/?page=20
388,8218,http://test311api.cityofchicago.org/?status=submitted
389,8218,http://test311api.cityofchicago.org/?page=2&status=submitted
390,8218,http://test311api.cityofchicago.org/?page=3&status=submitted
391,8218,http://test311api.cityofchicago.org/?page=20&status=submitted
392,8218,http://test311api.cityofchicago.org/?service_id=4ffa9cad6018277d4000007b&status=submitted
393,8218,http://test311api.cityofchicago.org/?service_id=4fd3bd72e750846c530000cd&status=submitted
394,8218,http://test311api.cityofchicago.org/?service_id=4ffa4c69601827691b000018&status=submitted
395,8218,http://test311api.cityofchicago.org/?service_id=4fd3b167e750846744000005&status=submitted
396,8218,http://test311api.cityofchicago.org/?service_id=4ffa971e6018277d4000000b&status=submitted
397,8218,http://test311api.cityofchicago.org/?service_id=4fd3b656e750846c53000004&status=submitted
398,8218,http://test311api.cityofchicago.org/?service_id=4ffa9db16018277d400000a2&status=submitted
399,8218,http://test311api.cityofchicago.org/?service_id=4ffa9f2d6018277d400000c8&status=submitted
400,8218,http://test311api.cityofchicago.org/?service_id=4fd3bbf8e750846c53000069&status=submitted
401,8218,http://test311api.cityofchicago.org/?service_id=4fd6e4ece750840569000019&status=submitted
402,8218,http://test311api.cityofchicago.org/?service_id=4fd3b9bce750846c5300004a&status=submitted
403,8218,http://test311api.cityofchicago.org/?service_id=4ffa995a6018277d4000003c&status=submitted
404,8218,http://test311api.cityofchicago.org/?service_id=4fd3b750e750846c5300001d&status=submitted
405,8218,http://test311api.cityofchicago.org/?status=open
406,8218,http://test311api.cityofchicago.org/?page=2&status=open
407,8218,http://test311api.cityofchicago.org/?page=3&status=open
408,8218,http://test311api.cityofchicago.org/?page=20&status=open
409,8218,http://test311api.cityofchicago.org/?service_id=4fd3b656e750846c53000004&status=open
410,8218,http://test311api.cityofchicago.org/?service_id=4ffa4c69601827691b000018&status=open
411,8218,http://test311api.cityofchicago.org/?service_id=4fd3b167e750846744000005&status=open
412,8218,http://test311api.cityofchicago.org/?service_id=4fd3bd72e750846c530000cd&status=open
413,8218,http://test311api.cityofchicago.org/?service_id=4ffa9cad6018277d4000007b&status=open
414,8218,http://test311api.cityofchicago.org/?service_id=4fd3b9bce750846c5300004a&status=open
415,8218,http://test311api.cityofchicago.org/?service_id=4ffa9f2d6018277d400000c8&status=open
416,8218,http://test311api.cityofchicago.org/?service_id=4fd3bbf8e750846c53000069&status=open
417,8218,http://test311api.cityofchicago.org/?service_id=4fd6e4ece750840569000019&status=open
418,8218,http://test311api.cityofchicago.org/?service_id=4fd3b750e750846c5300001d&status=open
419,8218,http://test311api.cityofchicago.org/?service_id=4ffa971e6018277d4000000b&status=open
420,8218,http://test311api.cityofchicago.org/?service_id=4ffa995a6018277d4000003c&status=open
421,8218,http://test311api.cityofchicago.org/?service_id=4ffa9db16018277d400000a2&status=open
422,8218,http://test311api.cityofchicago.org/?status=closed
423,8218,http://test311api.cityofchicago.org/?page=2&status=closed
424,8218,http://test311api.cityofchicago.org/?page=3&status=closed
425,8218,http://test311api.cityofchicago.org/?page=20&status=closed
426,8218,http://test311api.cityofchicago.org/?service_id=4ffa9f2d6018277d400000c8&status=closed
427,8218,http://test311api.cityofchicago.org/?service_id=4fd3b750e750846c5300001d&status=closed
428,8218,http://test311api.cityofchicago.org/?service_id=4fd3b9bce750846c5300004a&status=closed
429,8218,http://test311api.cityofchicago.org/?service_id=4fd3bd72e750846c530000cd&status=closed
430,8218,http://test311api.cityofchicago.org/?service_id=4fd3b167e750846744000005&status=closed
431,8218,http://test311api.cityofchicago.org/?service_id=4fd3bbf8e750846c53000069&status=closed
432,8218,http://test311api.cityofchicago.org/?service_id=4fd3b656e750846c53000004&status=closed
433,8218,http://test311api.cityofchicago.org/?service_id=4ffa971e6018277d4000000b&status=closed
434,8218,http://test311api.cityofchicago.org/?service_id=4ffa9cad6018277d4000007b&status=closed
435,8218,http://test311api.cityofchicago.org/?service_id=4fd6e4ece750840569000019&status=closed
436,8218,http://test311api.cityofchicago.org/?service_id=4ffa4c69601827691b000018&status=closed
437,8218,http://test311api.cityofchicago.org/?service_id=4ffa9db16018277d400000a2&status=closed
438,8218,http://test311api.cityofchicago.org/?service_id=4ffa995a6018277d4000003c&status=closed
439,8218,http://test311api.cityofchicago.org/reports/5a6769c8e896b449ad0b5cc7
440,8218,http://test311api.cityofchicago.org/?service_id=4fd3b656e750846c53000004
441,8218,http://test311api.cityofchicago.org/?page=2&service_id=4fd3b656e750846c53000004
442,8218,http://test311api.cityofchicago.org/?page=3&service_id=4fd3b656e750846c53000004
443,8218,http://test311api.cityofchicago.org/?page=20&service_id=4fd3b656e750846c53000004
444,8218,http://test311api.cityofchicago.org/reports/5a676929e896b449ad0b5cbe
445,8218,http://test311api.cityofchicago.org/?service_id=4fd3b167e750846744000005
446,8218,http://test311api.cityofchicago.org/?page=2&service_id=4fd3b167e750846744000005
447,8218,http://test311api.cityofchicago.org/?page=3&service_id=4fd3b167e750846744000005
448,8218,http://test311api.cityofchicago.org/?page=20&service_id=4fd3b167e750846744000005
449,8218,http://test311api.cityofchicago.org/reports/5a67b25ce896b449ad0b5cf8
450,8218,http://test311api.cityofchicago.org/reports/5a628467e896b449ad0b5ac9
451,8218,http://test311api.cityofchicago.org/?service_id=4ffa4c69601827691b000018
452,8218,http://test311api.cityofchicago.org/?page=2&service_id=4ffa4c69601827691b000018
453,8218,http://test311api.cityofchicago.org/?page=3&service_id=4ffa4c69601827691b000018
454,8218,http://test311api.cityofchicago.org/?page=20&service_id=4ffa4c69601827691b000018
455,8218,http://test311api.cityofchicago.org/?service_id=4fd3bd72e750846c530000cd
456,8218,http://test311api.cityofchicago.org/?page=2&service_id=4fd3bd72e750846c530000cd
457,8218,http://test311api.cityofchicago.org/?page=3&service_id=4fd3bd72e750846c530000cd
458,8218,http://test311api.cityofchicago.org/?page=20&service_id=4fd3bd72e750846c530000cd
459,8218,http://test311api.cityofchicago.org/?service_id=4fd3b9bce750846c5300004a
460,8218,http://test311api.cityofchicago.org/?page=2&service_id=4fd3b9bce750846c5300004a
461,8218,http://test311api.cityofchicago.org/?page=3&service_id=4fd3b9bce750846c5300004a
462,8218,http://test311api.cityofchicago.org/?page=20&service_id=4fd3b9bce750846c5300004a
463,8218,http://test311api.cityofchicago.org/reports/5a67b247e896b449ad0b5cef
464,8218,http://test311api.cityofchicago.org/reports/5a628514e896b449ad0b5ad2
465,8218,http://test311api.cityofchicago.org/?service_id=4ffa9cad6018277d4000007b
466,8218,http://test311api.cityofchicago.org/?page=2&service_id=4ffa9cad6018277d4000007b
467,8218,http://test311api.cityofchicago.org/?page=3&service_id=4ffa9cad6018277d4000007b
468,8218,http://test311api.cityofchicago.org/?page=20&service_id=4ffa9cad6018277d4000007b
469,8218,http://test311api.cityofchicago.org/reports/5a626f25e896b449ad0b5a35
470,8218,http://test311api.cityofchicago.org/?service_id=4ffa9f2d6018277d400000c8
471,8218,http://test311api.cityofchicago.org/?page=2&service_id=4ffa9f2d6018277d400000c8
472,8218,http://test311api.cityofchicago.org/?page=3&service_id=4ffa9f2d6018277d400000c8
473,8218,http://test311api.cityofchicago.org/?page=20&service_id=4ffa9f2d6018277d400000c8
474,8218,http://test311api.cityofchicago.org/?service_id=4fd3b750e750846c5300001d
475,8218,http://test311api.cityofchicago.org/?page=2&service_id=4fd3b750e750846c5300001d
476,8218,http://test311api.cityofchicago.org/?page=3&service_id=4fd3b750e750846c5300001d
477,8321,http://dev.cityofchicago.org/open%20data/data%20portal/2016/09/02/docs/open311
478,8321,http://dev.cityofchicago.org//open%20data/data%20portal/2016/09/02/divvy-bicycle-stations-historical-not-updating.html
479,8321,http://dev.cityofchicago.org/open%20data/data%20portal/2016/08/26/docs/open311
480,8321,http://dev.cityofchicago.org//open%20data/data%20portal/2016/08/26/some-data-sets-not-updating-since-819.html
481,8321,http://dev.cityofchicago.org/open%20data/data%20portal/2016/08/11/docs/open311
482,8321,http://dev.cityofchicago.org//open%20data/data%20portal/2016/08/11/west-nile-virus-mosquito-test-dataset-changes.html
483,8321,http://dev.cityofchicago.org//open%20data/data%20portal/2016/08/11/filtered-views-for-the-ordinance-violations.html
484,8321,http://dev.cityofchicago.org/open%20data/data%20portal/2016/08/10/docs/open311
485,8321,http://dev.cityofchicago.org//open%20data/data%20portal/2016/08/10/towed-vehicles-dataset-is-not-updating.html
486,8321,http://dev.cityofchicago.org/open%20data/data%20portal/2016/06/30/docs/open311
487,8321,http://dev.cityofchicago.org//open%20data/data%20portal/2016/06/30/public-chauffeurs-data-delayed.html
488,8321,http://dev.cityofchicago.org/open%20data/data%20portal/2016/06/17/docs/open311
489,8321,http://dev.cityofchicago.org//open%20data/data%20portal/2016/06/17/consolidation-of-public-health-clinic-datasets.html
490,8321,http://dev.cityofchicago.org/open%20data/data%20portal/2016/06/02/docs/open311
491,8321,http://dev.cityofchicago.org//open%20data/data%20portal/2016/06/02/missing-time-slices-in-beach-automated-sensor.html
492,8321,http://dev.cityofchicago.org/open%20data/data%20portal/2016/04/06/docs/open311
493,8321,http://dev.cityofchicago.org//open%20data/data%20portal/2016/04/06/added-ward-precinct-combined-field-to-business.html
494,8321,http://dev.cityofchicago.org/open%20data/data%20portal/2016/03/03/docs/open311
495,8321,http://dev.cityofchicago.org//open%20data/data%20portal/2016/03/03/what-coordinate-system-do-our-shapefiles-use.html
496,8321,http://dev.cityofchicago.org/blog/page4/docs/open311
497,8408,http://311request.cityofchicago.org/?page=20&service_id=4ffa995a6018277d4000003c&status=open
498,8408,http://311request.cityofchicago.org/reports/18-00536774
499,8408,http://311request.cityofchicago.org/?page=4&status=closed
500,8408,http://311request.cityofchicago.org/?page=6&status=closed
501,8408,http://311request.cityofchicago.org/reports/18-00505892
502,8408,http://311request.cityofchicago.org/?page=5&status=closed
503,8408,http://311request.cityofchicago.org/?page=7&status=closed
504,8408,http://311request.cityofchicago.org/?page=17&status=closed
505,8408,http://311request.cityofchicago.org/?page=19&status=closed
506,8408,http://311request.cityofchicago.org/?page=16&status=closed
507,8408,http://311request.cityofchicago.org/?page=18&status=closed
508,8408,http://311request.cityofchicago.org/?page=2&service_id=4fd3b167e750846744000005&status=closed
509,8408,http://311request.cityofchicago.org/?page=4&service_id=4fd3b167e750846744000005&status=closed
510,8408,http://311request.cityofchicago.org/?page=3&service_id=4fd3b167e750846744000005&status=closed
511,8408,http://311request.cityofchicago.org/?page=5&service_id=4fd3b167e750846744000005&status=closed
512,8408,http://311request.cityofchicago.org/?page=19&service_id=4fd3b167e750846744000005&status=closed
513,8408,http://311request.cityofchicago.org/?page=18&service_id=4fd3b167e750846744000005&status=closed
514,8408,http://311request.cityofchicago.org/?page=20&service_id=4fd3b167e750846744000005&status=closed
515,8408,http://311request.cityofchicago.org/?page=2&service_id=4fd3b656e750846c53000004&status=closed
516,8408,http://311request.cityofchicago.org/?page=4&service_id=4fd3b656e750846c53000004&status=closed
517,8408,http://311request.cityofchicago.org/?page=3&service_id=4fd3b656e750846c53000004&status=closed
518,8408,http://311request.cityofchicago.org/?page=5&service_id=4fd3b656e750846c53000004&status=closed
519,8408,http://311request.cityofchicago.org/?page=19&service_id=4fd3b656e750846c53000004&status=closed
520,8408,http://311request.cityofchicago.org/?page=18&service_id=4fd3b656e750846c53000004&status=closed
521,8408,http://311request.cityofchicago.org/?page=20&service_id=4fd3b656e750846c53000004&status=closed
522,8408,http://311request.cityofchicago.org/?page=2&service_id=4ffa9f2d6018277d400000c8&status=closed
523,8408,http://311request.cityofchicago.org/?page=4&service_id=4ffa9f2d6018277d400000c8&status=closed
524,8408,http://311request.cityofchicago.org/?page=3&service_id=4ffa9f2d6018277d400000c8&status=closed
525,8408,http://311request.cityofchicago.org/?page=5&service_id=4ffa9f2d6018277d400000c8&status=closed
526,8408,http://311request.cityofchicago.org/reports/18-00546447
527,8408,http://311request.cityofchicago.org/?page=19&service_id=4ffa9f2d6018277d400000c8&status=closed
528,8408,http://311request.cityofchicago.org/?page=18&service_id=4ffa9f2d6018277d400000c8&status=closed
529,8408,http://311request.cityofchicago.org/?page=20&service_id=4ffa9f2d6018277d400000c8&status=closed
530,8408,http://311request.cityofchicago.org/?page=2&service_id=4fd3b9bce750846c5300004a&status=closed
531,8408,http://311request.cityofchicago.org/?page=4&service_id=4fd3b9bce750846c5300004a&status=closed
532,8408,http://311request.cityofchicago.org/?page=3&service_id=4fd3b9bce750846c5300004a&status=closed
533,8408,http://311request.cityofchicago.org/?page=5&service_id=4fd3b9bce750846c5300004a&status=closed
534,8408,http://311request.cityofchicago.org/?page=19&service_id=4fd3b9bce750846c5300004a&status=closed
535,8408,http://311request.cityofchicago.org/?page=18&service_id=4fd3b9bce750846c5300004a&status=closed
536,8408,http://311request.cityofchicago.org/?page=20&service_id=4fd3b9bce750846c5300004a&status=closed
537,8408,http://311request.cityofchicago.org/reports/18-00463509
538,8408,http://311request.cityofchicago.org/?page=2&service_id=4ffa4c69601827691b000018&status=closed
539,8408,http://311request.cityofchicago.org/?page=4&service_id=4ffa4c69601827691b000018&status=closed
540,8408,http://311request.cityofchicago.org/?page=3&service_id=4ffa4c69601827691b000018&status=closed
541,8408,http://311request.cityofchicago.org/?page=5&service_id=4ffa4c69601827691b000018&status=closed
542,8408,http://311request.cityofchicago.org/?page=19&service_id=4ffa4c69601827691b000018&status=closed
543,8408,http://311request.cityofchicago.org/?page=18&service_id=4ffa4c69601827691b000018&status=closed
544,8408,http://311request.cityofchicago.org/?page=20&service_id=4ffa4c69601827691b000018&status=closed
545,8408,http://311request.cityofchicago.org/?page=2&service_id=4ffa9cad6018277d4000007b&status=closed
546,8408,http://311request.cityofchicago.org/?page=4&service_id=4ffa9cad6018277d4000007b&status=closed
547,8408,http://311request.cityofchicago.org/?page=3&service_id=4ffa9cad6018277d4000007b&status=closed
548,8408,http://311request.cityofchicago.org/?page=5&service_id=4ffa9cad6018277d4000007b&status=closed
549,8408,http://311request.cityofchicago.org/?page=19&service_id=4ffa9cad6018277d4000007b&status=closed
550,8408,http://311request.cityofchicago.org/?page=18&service_id=4ffa9cad6018277d4000007b&status=closed
551,8408,http://311request.cityofchicago.org/?page=20&service_id=4ffa9cad6018277d4000007b&status=closed
552,8408,http://311request.cityofchicago.org/?page=2&service_id=4fd3bd72e750846c530000cd&status=closed
553,8408,http://311request.cityofchicago.org/?page=4&service_id=4fd3bd72e750846c530000cd&status=closed
554,8408,http://311request.cityofchicago.org/reports/18-00109764
555,8408,http://311request.cityofchicago.org/?page=3&service_id=4fd3bd72e750846c530000cd&status=closed
556,8408,http://311request.cityofchicago.org/?page=5&service_id=4fd3bd72e750846c530000cd&status=closed
557,8408,http://311request.cityofchicago.org/?page=19&service_id=4fd3bd72e750846c530000cd&status=closed
558,8408,http://311request.cityofchicago.org/?page=18&service_id=4fd3bd72e750846c530000cd&status=closed
559,8408,http://311request.cityofchicago.org/?page=20&service_id=4fd3bd72e750846c530000cd&status=closed
560,8408,http://311request.cityofchicago.org/?page=2&service_id=4fd3bbf8e750846c53000069&status=closed
561,8408,http://311request.cityofchicago.org/?page=4&service_id=4fd3bbf8e750846c53000069&status=closed
562,8408,http://311request.cityofchicago.org/?page=3&service_id=4fd3bbf8e750846c53000069&status=closed
563,8408,http://311request.cityofchicago.org/?page=5&service_id=4fd3bbf8e750846c53000069&status=closed
564,8408,http://311request.cityofchicago.org/?page=19&service_id=4fd3bbf8e750846c53000069&status=closed
565,8408,http://311request.cityofchicago.org/?page=18&service_id=4fd3bbf8e750846c53000069&status=closed
566,8408,http://311request.cityofchicago.org/?page=20&service_id=4fd3bbf8e750846c53000069&status=closed
567,8408,http://311request.cityofchicago.org/?page=2&service_id=4ffa9db16018277d400000a2&status=closed
568,8408,http://311request.cityofchicago.org/?page=4&service_id=4ffa9db16018277d400000a2&status=closed
569,8408,http://311request.cityofchicago.org/?page=3&service_id=4ffa9db16018277d400000a2&status=closed
570,8408,http://311request.cityofchicago.org/?page=5&service_id=4ffa9db16018277d400000a2&status=closed
571,8408,http://311request.cityofchicago.org/?page=19&service_id=4ffa9db16018277d400000a2&status=closed
572,8408,http://311request.cityofchicago.org/?page=18&service_id=4ffa9db16018277d400000a2&status=closed
573,8408,http://311request.cityofchicago.org/?page=20&service_id=4ffa9db16018277d400000a2&status=closed
574,8408,http://311request.cityofchicago.org/?page=2&service_id=4fd3b750e750846c5300001d&status=closed
575,8408,http://311request.cityofchicago.org/?page=4&service_id=4fd3b750e750846c5300001d&status=closed
576,8408,http://311request.cityofchicago.org/?page=3&service_id=4fd3b750e750846c5300001d&status=closed
577,8408,http://311request.cityofchicago.org/?page=5&service_id=4fd3b750e750846c5300001d&status=closed
578,8408,http://311request.cityofchicago.org/reports/18-00502940
579,8408,http://311request.cityofchicago.org/reports/18-00500301
580,8408,http://311request.cityofchicago.org/reports/18-00392371
581,8408,http://311request.cityofchicago.org/reports/18-00504096
582,8408,http://311request.cityofchicago.org/?page=19&service_id=4fd3b750e750846c5300001d&status=closed
583,8408,http://311request.cityofchicago.org/?page=18&service_id=4fd3b750e750846c5300001d&status=closed
584,8408,http://311request.cityofchicago.org/?page=20&service_id=4fd3b750e750846c5300001d&status=closed
585,8408,http://311request.cityofchicago.org/?page=2&service_id=4ffa971e6018277d4000000b&status=closed
586,8408,http://311request.cityofchicago.org/?page=4&service_id=4ffa971e6018277d4000000b&status=closed
587,8408,http://311request.cityofchicago.org/?page=3&service_id=4ffa971e6018277d4000000b&status=closed
588,8408,http://311request.cityofchicago.org/?page=5&service_id=4ffa971e6018277d4000000b&status=closed
589,8408,http://311request.cityofchicago.org/?page=19&service_id=4ffa971e6018277d4000000b&status=closed
590,8408,http://311request.cityofchicago.org/?page=18&service_id=4ffa971e6018277d4000000b&status=closed
591,8408,http://311request.cityofchicago.org/?page=20&service_id=4ffa971e6018277d4000000b&status=closed
592,8408,http://311request.cityofchicago.org/?page=2&service_id=4fd6e4ece750840569000019&status=closed
593,8408,http://311request.cityofchicago.org/?page=4&service_id=4fd6e4ece750840569000019&status=closed
594,8408,http://311request.cityofchicago.org/?page=3&service_id=4fd6e4ece750840569000019&status=closed
595,8408,http://311request.cityofchicago.org/?page=5&service_id=4fd6e4ece750840569000019&status=closed
596,8408,http://311request.cityofchicago.org/?page=19&service_id=4fd6e4ece750840569000019&status=closed
597,8408,http://311request.cityofchicago.org/?page=18&service_id=4fd6e4ece750840569000019&status=closed
598,8408,http://311request.cityofchicago.org/?page=20&service_id=4fd6e4ece750840569000019&status=closed
599,8408,http://311request.cityofchicago.org/?page=2&service_id=4ffa995a6018277d4000003c&status=closed
600,8408,http://311request.cityofchicago.org/?page=4&service_id=4ffa995a6018277d4000003c&status=closed
601,8408,http://311request.cityofchicago.org/reports/17-04279803
602,8408,http://311request.cityofchicago.org/?page=3&service_id=4ffa995a6018277d4000003c&status=closed
603,8408,http://311request.cityofchicago.org/?page=5&service_id=4ffa995a6018277d4000003c&status=closed
604,8408,http://311request.cityofchicago.org/reports/17-06189238
605,8408,http://311request.cityofchicago.org/reports/17-06251138
606,8408,http://311request.cityofchicago.org/reports/17-05759368
607,8408,http://311request.cityofchicago.org/?page=19&service_id=4ffa995a6018277d4000003c&status=closed
608,8408,http://311request.cityofchicago.org/?page=18&service_id=4ffa995a6018277d4000003c&status=closed
609,8408,http://311request.cityofchicago.org/?page=20&service_id=4ffa995a6018277d4000003c&status=closed
610,8408,http://311request.cityofchicago.org/reports/18-00569145
611,8408,http://311request.cityofchicago.org/reports/18-00568911
612,8408,http://311request.cityofchicago.org/reports/18-00568890
613,8408,http://311request.cityofchicago.org/?page=4&service_id=4fd3b167e750846744000005
614,8408,http://311request.cityofchicago.org/?page=6&service_id=4fd3b167e750846744000005
615,8408,http://311request.cityofchicago.org/reports/18-00568724
616,8408,http://311request.cityofchicago.org/reports/18-00568422
617,8408,http://311request.cityofchicago.org/reports/18-00568377
618,8408,http://311request.cityofchicago.org/reports/18-00568376
619,8408,http://311request.cityofchicago.org/reports/18-00568281
620,8408,http://311request.cityofchicago.org/?page=5&service_id=4fd3b167e750846744000005
621,8408,http://311request.cityofchicago.org/?page=7&service_id=4fd3b167e750846744000005
622,8408,http://311request.cityofchicago.org/reports/18-00552020
623,8408,http://311request.cityofchicago.org/?page=17&service_id=4fd3b167e750846744000005
624,8408,http://311request.cityofchicago.org/?page=19&service_id=4fd3b167e750846744000005
625,8408,http://311request.cityofchicago.org/reports/18-00553375
626,8408,http://311request.cityofchicago.org/?page=16&service_id=4fd3b167e750846744000005
627,8408,http://311request.cityofchicago.org/?page=18&service_id=4fd3b167e750846744000005
628,8408,http://311request.cityofchicago.org/?page=4&service_id=4fd3b656e750846c53000004
629,8408,http://311request.cityofchicago.org/?page=6&service_id=4fd3b656e750846c53000004
630,8408,http://311request.cityofchicago.org/?page=5&service_id=4fd3b656e750846c53000004
631,8408,http://311request.cityofchicago.org/?page=7&service_id=4fd3b656e750846c53000004
632,8408,http://311request.cityofchicago.org/reports/18-00484469
633,8408,http://311request.cityofchicago.org/?page=17&service_id=4fd3b656e750846c53000004
634,8408,http://311request.cityofchicago.org/?page=19&service_id=4fd3b656e750846c53000004
635,8408,http://311request.cityofchicago.org/?page=16&service_id=4fd3b656e750846c53000004
636,8408,http://311request.cityofchicago.org/?page=18&service_id=4fd3b656e750846c53000004
637,8408,http://311request.cityofchicago.org/?page=4&service_id=4ffa9f2d6018277d400000c8
638,8408,http://311request.cityofchicago.org/?page=6&service_id=4ffa9f2d6018277d400000c8
639,8408,http://311request.cityofchicago.org/reports/17-08516244
640,8408,http://311request.cityofchicago.org/?page=5&service_id=4ffa9f2d6018277d400000c8
641,8408,http://311request.cityofchicago.org/?page=7&service_id=4ffa9f2d6018277d400000c8
642,8408,http://311request.cityofchicago.org/?page=17&service_id=4ffa9f2d6018277d400000c8
643,8408,http://311request.cityofchicago.org/?page=19&service_id=4ffa9f2d6018277d400000c8
644,8408,http://311request.cityofchicago.org/?page=16&service_id=4ffa9f2d6018277d400000c8
645,8408,http://311request.cityofchicago.org/?page=18&service_id=4ffa9f2d6018277d400000c8
646,8408,http://311request.cityofchicago.org/?page=4&service_id=4fd3b9bce750846c5300004a
647,8408,http://311request.cityofchicago.org/?page=6&service_id=4fd3b9bce750846c5300004a
