,domain_url
0,neighbor-space.org
1,chicagolatinofilmfestival.org
2,urbanlibraries.org
3,peachytan.com
4,ja.org
5,digitallearningday.org
6,julesvancejewelry.com
7,ich.gov
8,sites.nationalacademies.org
9,tidesandcurrents.noaa.gov
10,cityzenith.com
11,whqlibdoc.who.int
12,facebook.com
13,fastweb.com
14,bikechicago.com
15,online.hfs.illinois.gov
16,lssi.org
17,shawfloors.com
18,honeysuckleband.com
19,163.191.83.31
20,cityofchicagoinvestors.com
21,.epa.gov
22,aswm.org
23,homedepot.com
24,vetlocator.com
25,dnainfo.com
26,rpba.org
27,werf.org
28,2018constructionsummit.eventbrite.com
29,acadv.org
30,dames-il.org
31,cookcountyclerkofcourt.org
32,AOAactivewear.com
33,member.smartmsg.com
34,paulcatanese.com
35,glslcities.org
36,ward49.com
37,krakusfoods.com
38,edgewater.org
39,aibi.org
40,mtbs.gov
41,reentryillinois.net
42,chicagobenchmarkingtraining2.eventbrite.com
43,forbes.com
44,dsireusa.org
45,foia.ilattorneygeneral.net
46,chicagocleancities.org
47,readingtree.org
48,cedaorg.net
49,whatmattersproductions.com
50,30secondmom.com
51,animalcareleague.org
52,sixcornerschicago.com
53,windyhop.net
54,bikeandroll.com
55,greendepot.com
56,driehaus.depaul.edu
57,dancersawarenessproject.org
58,chicagosafestart.net
59,courttheatre.org
60,elpc.org
61,chicago47.org
62,telacu.com
63,chicnu.org
64,chiyouthvoices.net
65,chooseyourfuture.cps.edu
66,cslforum.org
67,thetiebar.com
68,stopbullying.gov
69,swyc.org
70,latinamericanchamberofcommerce.com
71,edx.org
72,commerce.alaska.gov
73,agcensus.usda.gov
74,memory.loc.gov
75,qcdc.org
76,fbcdn-sphotos-a-a.akamaihd.net
77,chidm.com
78,ifinditchicago.wordpress.com
79,illinoisdata.com
80,2inch.es
81,belmontcentral.org
82,nps.gov
83,bwrj.org
84,robertomaldonado.com
85,unionstationmp.org
86,lucianoantonio.com
87,ewricongress.org
88,tvguide.com
89,factfinder2.census.gov
90,zeshanbagewadi.com
91,chicagocityoflearning.org
92,disasterassistance.gov
93,drought.gov
94,emergency.cdc.gov
95,imnworld.com
96,fbcdn-sphotos-b-a.akamaihd.net
97,kivazip.org.%20%20
98,schakowsky.house.gov
99,umusicpub.com
100,voxsamboumusic.com
101,newamericaneconomy.org
102,cookcountygenealogy.com
103,bikechicago.us
104,lawarts.z2systems.com
105,ballet58.org
106,eatsafe.co
107,code.org
108,usa.sae.edu
109,cmdcschool.org
110,maps.yahoo.com
111,maketheconnection.net
112,coanet.org
113,www4.irs.gov
114,iit.edu%20
115,adoptasidewalk.org
116,ojbmusic.com
117,businessinsider.com
118,hccdf.com
119,faithinplace.org
120,southatlanticlcc.org
121,budlight.com
122,LACCUSA.com
123,danceacademyofsalsa.com
124,instagram.com
125,mostrafilmseries.org
126,roopapanesar.com
127,latinoworker.org
128,beatsybateria.bandcamp.com
129,onesummerchicago.org
130,Notifychicago.org
131,prvoad.communityos.org
132,capechicago.org
133,LoanScamAlert.org
134,lifewaykefir.com
135,elevartestudio.org
136,chicagopubliclibraryfoundation.org
137,applcc.org
138,models.fordmodels.com
139,dnr.illinois.gov
140,dart.biz
141,nccp.org
142,chicagocreative.org
143,blue1647.com
144,sahelsounds.com
145,lilystalent.com
146,glassart.org
147,chscpr.org
148,variety.com
149,bellabuttonmusic.com
150,blog.epa.gov
151,on.wsj.com
152,chicagogreentech.org
153,youthreadychicago.org
154,chicagoist.com
155,upallnightfamily.eventbrite.com
156,gcpolcc.org
157,opengrid.readthedocs.io
158,commonground.org
159,findtreatment.samhsa.gov
160,foresightdesign.org
161,amlegal.com
162,shoprachb.com
163,nhschicago.org
164,44thward.org
165,mayfaircivic.org
166,luciusjewelry.com
167,cityinfo.cityofchicago.org
168,foodsafety.gov
169,arb.ca.gov
170,uptownunited.org
171,choosechicago.com
172,resources.healthychicagobabies.org
173,roselandhospital.org
174,awrancrs.org
175,climatehubs.oce.usda.gov
176,sweetwaterfoundation.com
177,icirr.org
178,chooseyourfuture.org
179,unitedstatesartists.org
180,rubyonrails.org
181,benkowski.com
182,chicagobenchmarkingtraining4.eventbrite.com
183,bridgetgainer.com
184,earthobservatory.nasa.gov
185,mozilla.github.io
186,aqualab.cs.northwestern.edu
187,gaby-moreno.com
188,govtech.com
189,chicagocnst.chapinhall.org
190,chicagofilmfestival.com
191,edgewaterdev.org
192,sscartcenter.org
193,cysmis.cyscopa.com
194,southernrockieslcc.org
195,finaid.org
196,lawndalebusiness.org%20
197,faspark.com
198,travel.state.gov
199,about.att.com
200,205.254.135.7
201,communityresilience-center.org
202,chicago.illinois.gov
203,rssichicago.org
204,justice.gov
205,gagdc.org
206,veteranscrisisline.net
207,feeds.divvybikes.com
208,razorfish.com
209,catholiccharities.net
210,chicagobusiness.com
211,aldermanburnett.com
212,salvationarmy.com
213,LargeLots.org
214,chicagomigrahack.com
215,circesteem.org
216,cps-humanresources.org
217,wright.ccc.edu
218,sustainablecommunities.gov
219,chicagoevents.com
220,freecycle.org
221,chataboutit.org
222,yosemite.epa.gov
223,cookcountytreasurer.com
224,drivebytruckers.com
225,share.chicagobikes.org
226,articles.chicagotribune.com
227,weenerware.com
228,doctorswithoutborders.org
229,projectpoint.buzzsaw.com
230,visitor.constantcontact.com
231,cmar.csiro.au
232,truevalue.com
233,mpaa.org
234,nearwestchamber.org
235,fifthstarhonors.org
236,.illinois.gov
237,stellarosawines.com
238,opentaxis.com
239,servicetracker.cityofchicago.org
240,boardofethics.articulate-online.com
241,aging-parents-and-elder-care.com
242,chicagocitytreasurer.com
243,awesomefoundation.org
244,nwcg.gov
245,greenscreenadventures.tv
246,triton.edu
247,globalchange.gov
248,asiancarp.org
249,ppec.asme.org
250,metrosquash.org
251,chicagoculturalalliance.org
252,chicagosmartlighting-chicago.opendata.arcgis.com
253,sexoffender.chicagopolice.org
254,bitly.com
255,colum.edu
256,crowdoutchicago.org
257,bit.ly
258,globalgiving.org
259,atmospherecastingchicago.com
260,nami.org
261,accelerate77.net
262,eia.gov
263,northlight.org
264,home.americantangoinstitute.com
265,plenar.io
266,topos.mx
267,citizensutilityboard.org
268,mentalhealth.gov
269,pat.avestacorp.com
270,chipublib.digitallearn.org
271,bensollee.com
272,inspirationkitchens.org
273,soldierforlife.army.mil
274,.illinoisworknet.com
275,oldtownchicago.org
276,climatechange.conferenceseries.com
277,data.hawaii.org
278,cityofchicago.org
279,owa.cityofchicago.local
280,senatorcullerton.com
281,planreview.cityofchicago.org
282,ilbirds.com
283,chicagofestivals.org
284,star.nesdis.noaa.gov
285,tyetribbettworldwide.com
286,chicagoyouthshakespeare.org
287,fbcdn-sphotos-e-a.akamaihd.net
288,saic.edu
289,ilmentoring.org
290,latinocollegedollars.org
291,chicagogospelmusicfestival.us
292,iadeaf.org
293,undergroundsystembk.com
294,hackforchange.org
295,droughtmonitor.unl.edu
296,cpag.net
297,dssg.io
298,createprogram.org
299,theguardian.com
300,cookcountypropertyinfo.com
301,transportation.northwestern.edu
302,blueskids.com
303,projectpaz.org
304,ctarealestate.com
305,wifchicago.org
306,sandiego.gov
307,techplan.cityofchicago.org
308,nacole.org
309,elischeesecake.com
310,cbaworks.org
311,tsa.gov
312,alexandriaeregbu.com
313,womeneye.org
314,20erandolphparking.com
315,dancingwithclass.org
316,otistaylor.com
317,purplebinder.com
318,cookcountygov.com
319,bemoveddance.com
320,iberi.ge
321,opensource.org
322,chicagoairandwatershow.us
323,flu.gov
324,uptownbusinesspartners.com
325,skyart.org
326,polishtrianglecoalition.org
327,cuff.org
328,illinoislegalaid.org
329,jpusa.org
330,actforchildren.org
331,austincomingtogether.org
332,nodc.noaa.gov
333,house.gov
334,aldsophiaking.com
335,last.fm
336,sji.uic.edu
337,cnigroup.org
338,loveisrespect.org
339,naeyc.org
340,ag.state.il.us
341,earthdatahackathon.eventbrite.com
342,awra.org
343,collaboraction.org
344,cpdbeaches.com
345,lisc.org
346,gettingaroundillinois.com
347,faaim.org
348,urban.org
349,chicagopedestrianplan.org
350,93xrt.com
351,cod.edu
352,naborisalsa.com
353,somercor.com
354,wasmycartowed.com
355,edisonpark.com
356,clasp.org
357,ilga.gov
358,library.amlegal.com
359,oracle.com
360,stompinggroundmovement.org
361,fredastairedancecorp.tumblr.com
362,lynnejordan.com
363,scpf-inc.org
364,chicagoimagegallery.cityofchicago.org
365,chicagogreeter.com
366,emergencyfund.org
367,genevaonline.com
368,nsidc.org
369,chelliharmscollection.com
370,water.epa.gov
371,.ed.gov
372,pegasustheatrechicago.org
373,easterseals.com
374,wcc.nrcs.usda.gov
375,CityofChicago.org
376,j.mp
377,saralenart.com
378,anypositivechange.org
379,limbagal.com
380,sealevel.colorado.edu
381,themagnificentmile.com
382,chicagoculturalcenter.org
383,riverroastchicago.com
384,disabilityprideparade.com
385,dupageco.org
386,826chi.org
387,sustainablesites.org
388,vaccinateyourbaby.org
389,%20
390,pawschicago.org
391,iseif.org
392,blanknationapparel.com
393,nifc.gov
394,data.cityofchicago.org
395,navypier.com
396,lter.limnology.wisc.edu
397,lincolnbend.org
398,immunize.org
399,chicagoaudubon.org
400,mopd_accesschicago2018.eventbrite.com
401,buildcibola.org
402,localfirstchicago.org
403,docs.opengrid.io
404,digitalyouthnetwork.org
405,snagajob.com
406,siskelfilmcenter.org
407,civilrights.org
408,andersonville.org
409,indiegogo.com
410,datacenter.kidscount.org
411,scripps.ucsd.edu
412,whpdevelopmentcouncil.net
413,cityalivewithdreams.tumblr.com
414,akforum.org
415,il.ngb.army.mil
416,chicago.legistar.com
417,sixcorners.com
418,chicagochambermusiciansensemble.org
419,northatlanticlcc.org
420,nefa.org
421,v103.iheart.com
422,lawnandlandscape.com
423,play.google.com
424,surveymonkey.com
425,film.illinois.gov
426,garfieldridgecc.com
427,mealsonwheelschicago.org
428,dev-socrata-com-455.surge.sh
429,irem.org
430,mytax.illinois.gov
431,creativecommons.org
432,nesdis.noaa.gov
433,skyclimber.com
434,budweiser.com
435,foodbornechicago.org
436,wellcertified.com
437,sos.noaa.gov
438,bethelnewlife.org
439,latinstreetdance.com
440,downloads.globalchange.gov
441,scfjobs.com
442,nas-sites.org
443,.aap.org
444,hothouse.net
445,npo.net
446,walshgroup.com
447,betternrg.com
448,starterleague.com
449,census.gov
450,member.everbridge.net
451,neiu.edu
452,af.mil
453,blogs.archives.gov
454,openlands.org
455,ford.com
456,youngchicagoauthors.org
457,usda.gov
458,makeupfirst.com
459,loganchamber.org
460,tpl.org
461,modelogicmidwest.com
462,us2020.org
463,hdadvocates.org
464,countryfinancial.com
465,nationalmuseumofmexicanart.org
466,chicagobenchmarkingtraining1.eventbrite.com
467,ausarmusic.com
468,mainstemorchestra.com
469,aroundcenter.org
470,wcachicago.org
471,aboutfacetheatre.com
472,westloop.org
473,oceanacidification.noaa.gov
474,water.ca.gov
475,hubbardstreetdance.com
476,eventsprout.com
477,ludiacouture.com
478,hudexchange.info
479,ciadc.org
480,cpdmemorial.org
481,chicagolowriderfestival.com
482,iprachicago.org
483,chicagopridecalendar.org
484,croe.org
485,79thstreetseniors.com
486,care4community.com
487,oshasafetyexpert.com
488,marinacityband.com
489,spiderstaging.com
490,icma.org
491,otherworldtheatre.org
492,fulcrumpoint.org
493,climate.dot.gov
494,dixongolf.com
495,builtinchicago.org
496,12thwardchicago.com
497,web.mit.edu
498,illinoismentalhealthcollaborative.com
499,actorsfund.org
500,onechi.org
501,nvoad.org
502,chicagoculturalgrants.org
503,ruthpage.org
504,uvm.edu
505,oneearthfilmfest.org
506,cimmfest.org
507,absilcc.org
508,trib.in
509,artreachchicago.org
510,chicagoculturalplan2012.com
511,usalearns.org
512,r-project.org
513,circaceramics.com
514,sunshinegospel.org
515,creativedir.com
516,maddrhythms.com
517,txvoad.communityos.org
518,rebuild-foundation.org
519,bunkerlabs.org
520,hpnclub.org
521,thesimplegood.com
522,mrlc.gov
523,aldermanoconnor.com
524,globalmixxmusic.com
525,aldermanlaurino.com
526,analogafrica.bandcamp.com
527,citiesforcitizenship.com
528,chicagoloopalliance.org
529,bac2school.org
530,Earth911.com
531,laurenlein.com
532,kidtrail.com
533,tallgrassprairielcc.org
534,dsbda.org
535,ccilworks.org
536,chitext.cityofchicago.org
537,piccc.net
538,arrayofthings.github.io
539,eriefamilyhealth.org
540,nationalhellenicmuseum.org
541,amtrak.com
542,ada25chicago.org
543,fpdcc.com
544,ojp.usdoj.gov
545,dmdii.org
546,buildwith.org
547,idfpr.com
548,mayor.cityofchicago.org
549,littlevillagechamber.org
550,matthewgirson.com
551,afrotronix.com
552,lincolnavessa.com
553,naccho.org
554,wmo.int
555,simsmm.com
556,facets.org
557,oneonta.edu
558,st.nmfs.noaa.gov
559,sifma.org
560,chicagowaterquality.org
561,familymatterschicago.org
562,birdmonitors.net
563,pubs.usgs.gov
564,nyredcross.org
565,chicagoshovels.org
566,citygreen.com
567,cookcountyboardofreview.com
568,illinoispatrioteducationfund.org
569,activenet023.active.com
570,lamprecycle.org
571,clasp.ngo
572,joinstepitupamerica.com
573,inspirationcorp.org
574,norwoodpark.org
575,everthriveil.org
576,hivechicago.org
577,chicago.everyblock.com
578,ravenswoodchicago.org%20
579,chicagodramatists.org
580,witsendshorts.com
581,stellagreybags.com
582,swp.gmu.edu
583,healthychicagobabies.org
584,anthonypavel.com
585,vetcenter.va.gov
586,soundcloud.com
587,10best.com
588,screenmag.com
589,expunge.io
590,skindeepnaturalbodycare.com
591,us.wlabs.com
592,amazon.com
593,wm.com
594,createlivewell.com
595,endhomelessness.org
596,sfethics.org
597,chipublib.org
598,data.illinois.gov
599,literacydirectory.org
600,chicagoparksfoundation.org
601,wrightanimalhospital.com
602,csh.org
603,csc.cps.k12.il.us
604,votesmart.org
605,chicagoreader.com
606,vimeopro.com
607,tailhook.org
608,inspiration1390.com
609,chicagohistory.org
610,techfind.me
611,liscsmallbusiness.org
612,helpguide.org
613,finaid.ucsb.edu
614,attendee.gotowebinar.com
615,greenstarmovement.org
616,recyclebycity.com
617,southshorechamberinc.org
618,nationalestuaries.org
619,cccsociety.org
620,nsvrc.org
621,Bike2015Plan.org
622,thedarlingseries.com
623,excelerateillinois.com
624,youmediachicago.org
625,digitallab.uilabs.org
626,100kin10.org
627,preserveproducts.com
628,squidfunk.github.io
629,polishamericanbusiness.com
630,nationalsteppers.com
631,austinchamber.com
632,scholarships.com
633,1035kissfm.iheart.com
634,bigcrownrecords.com
635,ward09.com
636,acia.uaf.edu
637,commuterchoice.com
638,imfchicago.org
639,earthobservations.org
640,RetrofitChicago.net
641,flic.kr
642,fbcdn-sphotos-f-a.akamaihd.net
643,gearupgetready.org
644,callforentry.org
645,gilasi.com
646,schooloftabla.viewcy.com
647,ninjatune.net
648,hsus.org
649,adasmckinley.org
650,penedocharitable.com
651,meritmusic.org
652,smartmuseum.uchicago.edu
653,keysforkindness.com
654,iitmicrogrid.net
655,charangatropical.com
656,chicagoportalstatus.tumblr.com
657,hireourheroes.org
658,gameoftheweekcps.com
659,vbocwbdc.org
660,southsidecommunityfcu.org
661,nmprac.org
662,marineforlife.org
663,nfte.com
664,auditoriumtheatre.org
665,biketraffic.org
666,petersons.com
667,data.gov
668,nap.edu
669,uilabs.org
670,cps.k12.il.us
671,311api.cityofchicago.org
672,fws.gov
673,petrasings.com
674,nyc.gov
675,visitclarkstreet.com
676,ifrc.org
677,muralfoundation.org
678,lookingglasstheatre.org
679,cookcountyvitalrecord.com
680,web.extension.uiuc.edu
681,nwmadil.com
682,gsanetwork.org
683,meetup.com
684,icpsr.umich.edu
685,chicagoriverwalk.us
686,state.il.us
687,web4.audubon.org
688,bync.org
689,ilenergyloan.com
690,altachicago.org
691,chicagoartsource.com
692,plasticbagrecycling.org
693,usaid.gov
694,thenejc.org
695,continentalacc.org
696,chicagolandec.org
697,commdirect.com
698,ahschicago.org
699,illinoisfilm.biz
700,immigrantjustice.org
701,clifbar.com
702,lafchicago.org
703,disability.gov
704,mpea.com
705,frankwaln.com
706,cityofchicago-v2.demo.socrata.com
707,crowdfynd.com
708,ccachicago.box.com
709,chicagomag.com
710,gallerycabaret.com
711,skillsforchicagolandsfuture.com
712,phila.gov
713,chicagoelections.com
714,CHATAboutIt.org
715,somethingmarvelous.org
716,agudasachimnsc.org
717,siteselector.worldbusinesschicago.com
718,easel.com
719,bikechi.com
720,illinoispartners.org
721,movimientotv.com
722,aws.amazon.com
723,museumfloating.tumblr.com
724,poetrycenter.org
725,vet2tech.org
726,theounce.org
727,lookatcook.com
728,epa.gov
729,chic.ag
730,medicaid.gov
731,cappex.com
732,lunasa.ie
733,interactive.wttw.com
734,vamonde.com
735,ij.org
736,newpartners.org
737,gpcommunitycouncil.org
738,egov.cityofchicago.org
739,hhforcats.org
740,jaumeplensa.com
741,smartpowerillinois.org
742,newschallenge.org
743,heartlandalliance.org
744,chicagomfgworks.org
745,luc.edu
746,web.worldbank.org
747,lawproject.org
748,c40reinventingcities.org
749,dev.cityofchicago.org.s3-website-us-east-1.amazonaws.com
750,steelpetalpress.com
751,reddit.com
752,kalahariresorts.com
753,fritchey.com
754,chicagofilmcritics.org
755,illinois.gov
756,rainready.org
757,millenniumpark.org
758,campuscarbon.com
759,apps.phillyopen.org
760,ovw.usdoj.gov
761,sahbamotallebi.com
762,airandwater.cbslocal.com
763,gettested.cdc.gov
764,activetrans.org
765,mylakeview.com
766,aprpullmanportermuseum.org
767,northshoredancetherapy.com
768,onesummerchicago.com
769,chicagofilmstudios.com
770,soundopinions.org
771,marinellahumecasting.com
772,passportbysp.com
773,pinterest.com
774,schoolsparrow.com
775,cruzrojadonaciones.org
776,seaoi.org
777,movemesoul.wordpress.com
778,mohop.com
779,stylishgirl.com
780,hosting.fluidbook.com
781,jonathanleach.us
782,rosaslounge.com
783,waterdata.usgs.gov
784,cplgeeksinresidence.wordpress.com
785,illinoislottery.com
786,i4ainfo.org
787,northalsted.com
788,itunes.apple.com
789,zigtebra.com
790,chicagojobs.com
791,msrb.org
792,familiesfightingflu.org
793,udemy.com
794,inmotionfestival.com
795,idealist.org
796,averchicago.org
797,gladstonegallery.com
798,chicagojazzfestival.us
799,311request.cityofchicago.org
800,sophiareyes.com
801,temporarydistortion.com
802,lawrencepeters.com
803,publicartchicago.org
804,lincolnparkwinefest.com
805,usmayors.org
806,animalwelfareleague.com
807,devbootcamp.com
808,wabashartscorridor.org
809,yukonriverbreakup.com
810,mwsae.org
811,hud.gov
812,timeoutchicago.com
813,advocatehealth.com
814,yinhedance.org
815,jessecasimmons.com
816,onebigbow.com
817,modahnik.com
818,fbi.gov
819,thelawproject.org
820,archive.constantcontact.com
821,lakeviewchamber.com
822,hibbard.cps.k12.il.us
823,juliemurphy.info
824,africagcc.org%20
825,streetervillechamber.org
826,cbs2chicago.com
827,afterschoolmatters.org
828,digital.cityofchicago.org
829,pattillmanfoundation.org
830,alamkhan.com
831,apache.org
832,ravenswoodchicago.org
833,chicagofilmlist.com
834,unsplash.com
835,cinemachicago.org
836,lavillitachamber.org
837,nepis.epa.gov
838,qgis.org
839,joffrey.org
840,icpas.org
841,natcarbviewer.com
842,chicagosustainability.org
843,pflag.org
844,southchicagochamber.org
845,tasteofchicago.us
846,bt.cdc.gov
847,michigan.gov
848,thewebprogrammer.blogspot.com
849,underthepicasso.us
850,bats.bios.edu
851,illegion.org
852,siteresources.worldbank.org
853,jobfairs.diversityjobs.com
854,nytimes.com
855,filterfestival.com
856,sites.google.com
857,mashable.com
858,marwen.org
859,nmb.gov
860,swinggitan.com
861,chicagoearlylearning.org
862,chamberonthemove.org
863,toolkit.climate.gov
864,bike2015plan.org
865,jobsinchicago.com
866,ides.state.il.us
867,bestbuy.com
868,fredastaireillinois.com
869,cait.wri.org
870,chicagoredcross.org
871,jvschicago.org
872,occri.net
873,mattmuse.com
874,fivepennfilms.com
875,thebasslinegroup.com
876,bettercontainers.com
877,chicagopubliclibrary.tumblr.com
878,mayorscaucus.org
879,lccnetwork.org
880,textizen.com
881,galaudetgallery.wixsite.com
882,openrefine.org
883,ppbic.org
884,commonsensemedia.org
885,chicagolobbyists.org
886,activenet.active.com
887,scribd.com
888,salifkeita.net
889,rand.org
890,bapa.org
891,kaggle.com
892,chicagochinatown.org
893,bwiff.com
894,cpfta.com
895,committeeonfinance.org
896,lostdogsillinois.org
897,mypitbullisfamily.org
898,abc7chicago.com
899,chicago.duncan-usa.com
900,prettyquick.com
901,lincolnsquare.org
902,goodwill.com
903,itactty.org
904,goldeagle.com
905,codeforamerica.org
906,heidihess.com
907,worldmusicfestivalchicago.org
908,shar.es
909,stellaartois.com
910,ojjdp.gov
911,bega.dc.gov
912,netl.doe.gov
913,chistepper.com
914,vetexchangecareers.org
915,offlinebikemap.com
916,sphotos-a.xx.fbcdn.net
917,Largelots.org
918,cpstiers.opencityapps.org
919,hhs.gov
920,chimop.org
921,southsuburbanhumanesociety.org
922,ncqa.org
923,tomekareid.net
924,navypier.org
925,wholefoods.com
926,swedishamericanmuseum.org
927,nomilamaddance.com
928,imancentral.org
929,lifedirections.org
930,vetselfcheck.org
931,esgr.mil
932,bcbsil.com
933,ieza.org
934,ndvh.org
935,americanprogress.org
936,secureforms.travel.state.gov
937,ward45.org
938,exploreuptown.org
939,centavrvs.com
940,northeastoceancouncil.org
941,atrglobal.com
942,cmfilmfestival.org
943,ethics.senate.gov
944,eastsidechamber.net
945,powertower.us
946,rogersparkcdc.org
947,1871.com
948,greenbeanchicago.com
949,lakefxchicago.org
950,eighteenthstreet.org
951,adlerplanetarium.org
952,leapfrogs.navy
953,hydeparkhistory.org
954,nationalskillscoalition.org
955,sixtyinchesfromcenter.org
956,cbrx.il.gov
957,theatlanticcities.com
958,translate.googleusercontent.com
959,waterholechicago.wixsite.com
960,t.co
961,acdb-ext.gsfc.nasa.gov
962,mayorsphotogallery.cityofchicago.org
963,transitchicago.com
964,sbstore.com
965,unidosporpuertorico.com
966,accessliving.org
967,terraamericanart.org
968,foodborne.smartchicagoapps.org
969,joelhall.org
970,broadbandillinois.org
971,support.microsoft.com
972,coast.noaa.gov
973,addthis.com
974,totolamomposina.com
975,basselmusic.com
976,arcticlcc.org
977,cps.edu
978,youthserviceproject.org
979,nationalhomeless.org
980,acwi.gov
981,cashboxkings.com
982,projectexploration.org
983,water.usgs.gov
984,anastasiamak.com
985,thinkchicago.net
986,frwebgate.access.gpo.gov
987,nictd.com
988,ukcip.org.uk
989,food-truck.herokuapp.com
990,dscej.org
991,wired.com
992,minafitzpatrick.com
993,aspe.hhs.gov
994,chicagobuildings.org
995,trb.org
996,chihacknight.org
997,chicagoarchitecturebiennial.org
998,science.larc.nasa.gov
999,earthquake.usgs.gov
1000,wheelsenergytrash.eventbrite.com
1001,usvivoad.communityos.org
1002,wbez.org
1003,connect2capital.com
1004,nws.noaa.gov
1005,taxprep.cityofchicago.org
1006,dcasecityarts2018training.eventbrite.com
1007,bollygroove.com
1008,chicagosfoodbank.org
1009,oldtownschool.org
1010,issuu.com
1011,chicagofamilyhealth.org
1012,nemw.org
1013,thrivechi.org
1014,chicagoyouthprograms.org
1015,grida.no
1016,energyimpactillinois.org
1017,iwoc.org
1018,cookcountyassessor.com
1019,4starcasting.com
1020,soles4souls.org
1021,notifychicago.org
1022,maxwellstreetmarket.us
1023,ChicagoBudget.org
1024,cran.stat.ucla.edu
1025,datadictionary.cityofchicago.org
1026,aptpchicago.org
1027,bortzlawfirm.com
1028,overcoatsmusic.com
1029,annperrydesigns.com
1030,musiciansclubofwomen.org
1031,workingbikes.org
1032,worldbank.org
1033,girlswhocode.com
1034,squasht.com
1035,chicagohealth.herokuapp.com
1036,ncwd-youth.info
1037,labfchicago.org
1038,dhs.gov
1039,aoml.noaa.gov
1040,ncei.noaa.gov
1041,chicagoscaffolding.com
1042,chicagohousingoptions.org
1043,environment.fhwa.dot.gov
1044,sbir.gov
1045,portal.hud.gov
1046,opendata.socrata.com
1047,ashrae.org
1048,dev.socrata.com
1049,who.int
1050,illinoislawyerfinder.com
1051,c.cdc.gov
1052,sweeparound.us
1053,chicago.uli.org
1054,nrcs.usda.gov
1055,garfield-conservatory.org
1056,chicityclerk.com
1057,icoads.noaa.gov
1058,zenyogagarage.com
1059,domesticviolencedatabase.org
1060,benefitscheckup.org
1061,mandalaarts.org
1062,ti.to
1063,naturalizenow.org
1064,.usgs.gov
1065,passagesalt.org
1066,openengagement.info
1067,blogs.technet.com
1068,altabicycleshare.com
1069,cityofchicagobenefits.org
1070,genesishdc.org
1071,socrata.com
1072,midwestpesticideaction.org
1073,volunteerflorida.org
1074,ClarkeHouseMuseum.org
1075,hydeparkchamberchicago.org
1076,seventhwave.org
1077,everpurse.com
1078,chicagolandtft.org
1079,pollyartschicago.com
1080,irma.org
1081,cgaux.org
1082,arthurmurray.com
1083,redcross.org
1084,chicago.bbb.org
1085,chicagodot.org
1086,ward32.org
1087,portfoliomanager.energystar.gov
1088,feature.storyhunter.com
1089,survey.constantcontact.com
1090,goldstarpins.org
1091,n4a.org
1092,pepperconstruction.com
1093,soapboxpo.com
1094,northpark.edu
1095,californiascience.org
1096,wxrt.cbslocal.com
1097,crazycrayons.com
1098,newlifecenters.org
1099,youth.gov
1100,ftc.gov
1101,climatechange.alaska.gov
1102,secc-chicago.org
1103,wonder.cdc.gov
1104,magazine.cioreview.com
1105,chicagofilmarchives.org
1106,mbtchicago.org
1107,smarthealthcenters.org
1108,un.org
1109,caslservice.org
1110,pbcchicago.com
1111,cdot.cgnglobal.com
1112,usagain.com
1113,mayihavethisdance.com
1114,livestream.com
1115,chicago.suntimes.com
1116,lakeplacidnews.com
1117,chicagopedsafety.org
1118,highconceptlaboratories.org
1119,chicagoliveshealthy.com
1120,acaai.org
1121,goo.gl
1122,thedailyshow.com
1123,climate.rutgers.edu
1124,chicagosculpture.org
1125,nhsa.org
1126,discoverbooks.com
1127,tenants-rights.org
1128,sippmosaicartistry.com
1129,dot.gov
1130,greaterashburn.org
1131,flintcreekwildlife.org
1132,chitot.org
1133,aa.com
1134,bbb.org
1135,chicagobenchmarkinghelp2.eventbrite.com
1136,evasalina.com
1137,easyaccesschicago.org
1138,signupgenius.com
1139,aacareers.com
1140,orquestaelmacabeo.bandcamp.com
1141,spontaneousinterventions.com
1142,oi.uchicago.edu
1143,asafehaven.org
1144,rack-up.com
1145,ga.water.usgs.gov
1146,defense.gov
1147,danatoddpope.com
1148,usc.salvationarmy.org
1149,1930modelmanagement.com
1150,servicerequest.cityofchicago.org
1151,pepsi.com
1152,duncandancechicago.com
1153,mmart.com
1154,sam.gov
1155,kivazip.org
1156,wucaonline.org
1157,chicagowearscondoms.com
1158,illinoisworknet.com
1159,blueangels.navy.mil
1160,nicolemitchell.com
1161,triodakali.com
1162,dph.illinois.gov
1163,mgcba.com
1164,sauganashchamber.org
1165,mccormickplace.regency.hyatt.com
1166,gulfcoastprairielcc.org
1167,cheekychicago.com
1168,muccapazza.com
1169,chicago.craigslist.org
1170,natalieprass.com
1171,moviemaker.com
1172,metrochicagodata.org
1173,james46.org
1174,lisc-chicago.org
1175,wgci.iheart.com
1176,mlb.com
1177,33rdward.org
1178,jewelosco.com
1179,greatplainslcc.org
1180,usanpn.org
1181,iaff-local2.org
1182,evamay.indiemade.com
1183,classicartsshowcase.org
1184,mccormickplace.com
1185,coris.noaa.gov
1186,github.com
1187,usajobs.gov
1188,midcointernational.com
1189,wgms.ch
1190,directives.chicagopolice.org
1191,chicagosummerdance.org
1192,nca2009.globalchange.gov
1193,dosemarket.com
1194,victorygardens.org
1195,gooseisland.com
1196,territorychicago.org
1197,trinityirishdance.com
1198,blogs.hbr.org
1199,futureswithoutviolence.org
1200,haring.com
1201,northcenterchamber.com
1202,fcacc.org
1203,books.google.com
1204,centeronhalsted.org
1205,betsayda.com
1206,roybal-allard.house.gov
1207,millenniumgarages.com
1208,oakton.edu
1209,bbbschgo.org
1210,offcenterchicago.wixsite.com
1211,emma.msrb.org
1212,aphis.usda.gov
1213,idph.state.il.us
1214,madeinchicago.org
1215,sunlightfoundation.com
1216,apccchgo.org
1217,anticruelty.org
1218,najwadancecorps.org
1219,globalmethane.org
1220,kasperdancestudio.com
1221,uni-duesseldorf.de
1222,mcachicago.org
1223,jacobyeung.com
1224,chicagoschoolofdata.com
1225,thecenterweb.org
1226,chicobag.com
1227,AskChicago.org
1228,freegeekchicago.org
1229,parkgrillchicago.com
1230,arcg.is
1231,cdotmap.com
1232,foursquare.com
1233,energystar.gov
1234,maps.cityofchicago.org
1235,comed.com
1236,cubillinois.wordpress.com
1237,shorelinesightseeing.com
1238,naturemuseum.org
1239,chicagoscreenwriters.org
1240,ayodeledrumanddance.com
1241,puertoricanchicago.org
1242,publicartinchicago.com
1243,ethics.lacity.org
1244,nctsnet.org
1245,finchrobot.com
1246,safway.com
1247,cjc.net
1248,c4chicago.org
1249,jeffersonpark.net
1250,illinoispandemicflu.org
1251,payflex.com
1252,staterepsara.com
1253,lifecreativehq.com
1254,maldef.org
1255,buildingstrongeril.com
1256,hydepark.org
1257,cookcountycourt.org
1258,obama.org
1259,niu.edu
1260,tarbell.recoveredfactory.net
1261,grantparkmusicfestival.com
1262,greaterenglewoodcdc.org
1263,goarmy.com
1264,dnr.state.mn.us
1265,pacebus.com
1266,the606.org
1267,chicagohan.org
1268,acehardware.com
1269,mercy-chicago.org
1270,jazzinchicago.org
1271,portal.chicagopolice.org
1272,divvybikes.com
1273,elicheesecake.com
1274,ncjrs.gov
1275,thesmokedaddy.com
1276,thechicagoalliance.org
1277,fueleconomy.gov
1278,muralsofacceptance.org
1279,howardarea.org
1280,cookcountypd.org
1281,essexinn.com
1282,chicagojobresource.com
1283,socialecologies.net
1284,teambuildit.net
1285,ghgdata.epa.gov
1286,hearthealthmobile.com
1287,ilhumanities.org
1288,chicap.org
1289,wunderground.com
1290,chiriverlab.com
1291,co.kane.il.us
1292,brarecycling.com
1293,stage18chicago.com
1294,msbarc.org
1295,ess-pay.cityofchicago.org
1296,moxiejean.com
1297,ephtracking.cdc.gov
1298,onegooddeedchicago.org
1299,.eere.energy.gov
1300,open-data-etl-utility-kit.readthedocs.org
1301,ward43.org
1302,lakeviewcitizens.org
1303,lisaitzkowitz.com
1304,godwinanthology.com
1305,lakevieweast.com
1306,tri-masters.org
1307,mccormickplace.hyatt.com
1308,uscg.mil
1309,webapps1.cityofchicago.org
1310,schoollocator.cps.k12.il.us
1311,chicagoparkdistrict.com
1312,suntimes.com
1313,en.wikipedia.org
1314,peerspace.com
1315,wgnradio.com
1316,shanehuffmanstudio.com
1317,nobsbrass.com
1318,chicago.cbslocal.com
1319,giss.nasa.gov
1320,ides.illinois.gov
1321,techcrunch.com
1322,mynlrb.nlrb.gov
1323,go.usa.gov
1324,resurrectionproject.org
1325,thekellykingcollective.com
1326,chicagohealthatlas.org
1327,lawseminars.com
1328,dontshake.org
1329,expochicago.com
1330,gmsp.org
1331,aap.org
1332,a4esl.org
1333,niaid.nih.gov
1334,inventables.com
1335,ecfr.gov
1336,opengovhacknight.eventbrite.com
1337,chicagoparent.com
1338,apbp.org
1339,rogerspark.cc
1340,cancer.gov
1341,etsy.com
1342,artsideoutstudio.com
1343,prep4illinois.com
1344,onecpd.info
1345,illinoisarborist.org
1346,chicagoartistscoalition.org
1347,metrochicagoopendataexamples.blogspot.com
1348,gocoastguard.com
1349,adoptchicago.org
1350,doi.gov
1351,alaskaconservation.org
1352,carpetrecovery.org
1353,chicagoworkforceboard.com
1354,sunshinegospel.org%09
1355,brynncapella.com
1356,erequest.cityofchicago.org
1357,state.gov
1358,elnino.noaa.gov
1359,nationalable.org
1360,chicagosummeroflearning.org
1361,RogersPark.cc
1362,illinoishelps.com
1363,flushot.newurbanmechanics.org
1364,pandemicflu.gov
1365,gordian-group.com
1366,raptinmaille.com
1367,origins.com
1368,screen.yahoo.com
1369,cys.mycopa.com
1370,ncbi.nlm.nih.gov
1371,maggiedaleypark.com
1372,dol.gov
1373,nationalcherryblossomfestival.org
1374,encyclopedia.chicagohistory.org
1375,urbanbroadcastmedia.com
1376,barrelofmonkeys.org
1377,sflgfb.org
1378,bickerdike.org
1379,ezdecillinois.com
1380,mikvachallenge.org
1381,neigerdesign.com
1382,connect2compete.org
1383,onioncity.org
1384,citydigital.org
1385,northsidecu.org
1386,stonemountainaccess.com
1387,grandtapestry.com
1388,bloomingdaletrail.org
1389,ikea.com
1390,samtrumponline.com
1391,changingworlds.org
1392,metrofamily.org
1393,apcc-chgo.org
1394,mwrd.org
1395,freestreet.org
1396,AlertChicago.com
1397,wrightanimation.com
1398,spothero.com
1399,cookcountypublichealth.org
1400,energy.gov
1401,foodpyramid.com
1402,chicagokite.com
1403,gist.github.com
1404,chicago.taleo.net
1405,secure.smugmug.com
1406,chicagolaborers.org
1407,dds.ca.gov
1408,takaradesign.com
1409,atlantaethics.org
1410,gis.chicagopolice.org
1411,donaunicef.org.mx
1412,greatersouthwest.org
1413,cantv.org
1414,19thwardmobile.com
1415,afdc.energy.gov
1416,chicagoanimalcareandcontrol.volunteerlocal.com
1417,matthewsantos.com
1418,app.powerbi.com
1419,retrofitchicago.net
1420,almaafrobeat.com
1421,10mgmt.com
1422,adl.org
1423,westernalaskalcc.org
1424,chicagobluesbar.com
1425,apiasf.org
1426,worldbusinesschicago.com
1427,cdc.gov
1428,illinoisinnovation.com
1429,thecha.org
1430,dondashouseinc.org
1431,cookcountyclerk.com
1432,charles-adler.com
1433,help.github.com
1434,ofmpub.epa.gov
1435,freespiritmedia.org
1436,dot.state.il.us
1437,sc4housing.org
1438,thechicagourbanleague.org
1439,natoa.org
1440,cato.org
1441,mayoclinic.org
1442,praachicago.org
1443,salvationarmy.org
1444,kfleye.bigcartel.com
1445,sandersesq.com
1446,law-arts.org
1447,elections.illinois.gov
1448,optimus.com
1449,voices.suntimes.com
1450,chicagosocialmediamarketers.com
1451,objetsdenvy.com
1452,bigdataweek.com
1453,chicago.catalogchoice.org
1454,audiencearchitects.com
1455,melloedrama.com
1456,districtjobs.org
1457,avclub.com
1458,leafletjs.com
1459,billsteinairshows.com
1460,glerl.noaa.gov
1461,fullspectrumfeatures.com
1462,driveelectricillinois.org
1463,emeraldashborer.info
1464,northwestsideirish.org
1465,i-go-cars.org
1466,windex.com
1467,cfpub.epa.gov
1468,marybrogger.com
1469,urbangrindtv.com
1470,uscis.gov
1471,acespace.org
1472,crime.chicagotribune.com
1473,lambdalegal.org
1474,chicagofeministfilmfestival.com
1475,chicago.bibliocms.com
1476,treehouseanimals.org
1477,shopjules.com
1478,beverlyartcenter.org
1479,airnow.gov
1480,alternativesyouth.org
1481,dearborngardenwalk.com
1482,help.smugmug.com
1483,izanddiz.com
1484,chicago.storycorps.org
1485,tchekamusic.bandcamp.com
1486,divacup.com
1487,xeniarubinos.com
1488,houstonrecovers.org
1489,westridgechamber.org
1490,redancegroup.org
1491,asianpopupcinema.org
1492,chicagops.mycusthelp.com
1493,cpsdiverselearner.org
1494,nolanjdowns.com
1495,chicagofashionincubator.org
1496,icvp.org
1497,grammypro.com
1498,cicchicago.com
1499,hurrayfortheriffraff.com
1500,teamaerostars.com
1501,fiestadelsol.org
1502,hospital.uillinois.edu
1503,chicagophotociteweb.com
1504,openhousechicago.org
1505,support.socrata.com
1506,nwf.org
1507,iaff.org
1508,metrarail.com
1509,steppenwolf.org
1510,srapeel.com
1511,gladstoneparkchamber.com
1512,939myfm.com
1513,chicagocomedyfilmfestival.com
1514,forecast.io
1515,ow.ly
1516,missnyet.com
1517,tinytapp.com
1518,therealndpndnt.com
1519,wire.cjc.net
1520,eeoc.gov
1521,bedbugs.umn.edu
1522,ihda.org
1523,ilsos.gov
1524,ipcc-wg2.gov
1525,northpacificlcc.org
1526,hollywoodreporter.com
1527,iwlocal1.com
1528,students.colum.edu
1529,hrsa.gov
1530,gocurb.com
1531,weather.gov
1532,bluechicago.com
1533,bluesheaven.com
1534,climatechicago.fieldmuseum.org
1535,spudnikpress.org
1536,romansusan.org
1537,acwa-us.org
1538,largelots.org
1539,buddyguy.com
1540,niehs.nih.gov
1541,accionchicago.org
1542,3rdwardparadeofhomes.com
1543,tinyurl.com
1544,huffingtonpost.com
1545,chicagocityscape.com
1546,lionsclubs.org
1547,povertylaw.org
1548,cocboe.articulate-online.com
1549,roosevelt.edu
1550,cran.r-project.org
1551,climate.gov
1552,arctic.gov
1553,95thstreetba.org
1554,aldermanmoreno.com
1555,npc.umich.edu
1556,library.municode.com
1557,accuweather.com
1558,voiceofthecity.org
1559,greenroofs.org
1560,grossmanjack.com
1561,g2rev.com
1562,earth911.com
1563,seechicagodance.com
1564,pubs.er.usgs.gov
1565,jccia.wordpress.com
1566,kartemquin.com
1567,squashtboutique.com
1568,water.weather.gov
1569,wef.org
1570,modahnik.bigcartel.com
1571,northlakeshoredrive.org
1572,cct.org
1573,northwestern.edu
1574,ncdc.noaa.gov
1575,cegis.usgs.gov
1576,pebaonline.com
1577,gwtp.org
1578,mariachinyc.com
1579,arts.uchicago.edu
1580,newmarkets.org
1581,vimeo.com
1582,connect.att.jobs
1583,explorechicago.org
1584,commerce.state.il.us
1585,fia.fs.fed.us
1586,chicagosistercities.com
1587,dowellfor3rdward.com
1588,tripsweb.rtachicago.com
1589,mgofashion.com
1590,cookrecorder.com
1591,linkedin.com
1592,lawndalebusiness.org
1593,chicagojazzphilharmonic.org
1594,wageworks.com
1595,casachicago.org
1596,science.mozilla.org
1597,morainevalley.edu
1598,uel.uchicago.edu
1599,chicagokidsandkites.us
1600,nationalyouthartmovement.org
1601,chicagometers.com
1602,visitmississippi.org
1603,cnimfg.org
1604,cine-file.info
1605,reelchicago.com
1606,thedaleycenter.com
1607,chicagomediaproject.org
1608,audubon.org
1609,jane-addams.org
1610,ticketsweb.uchicago.edu
1611,greatlakeslcc.org
1612,ChicagoPhotoCiteWeb.com
1613,hsf.net
1614,sanantoniowinery.com
1615,childrenserviceschicago.com
1616,datascopeanalytics.com
1617,kevinlucius.com
1618,developers.google.com
1619,georgetownclimate.org
1620,walgreens.com
1621,ubs.com
1622,argamandefiance.com
1623,earthdatacelebration.eventbrite.com
1624,ghgreporting.epa.gov
1625,webapps1.dot.illinois.gov
1626,cps.academicworks.com
1627,autodesk.com
1628,drinkvrai.com
1629,nixle.com
1630,on.fb.me
1631,extension.entm.purdue.edu
1632,jfychicago.org
1633,ravenswoodcommunity.org
1634,sheddaquarium.org
1635,cutgroup.smartchicagoapps.org
1636,hbtv.biz
1637,kiwisboutique.com
1638,cdiac.ornl.gov
1639,jmtf.org
1640,ready.illinois.gov
1641,chicagoworksapp.com
1642,bikeparking.chicagocompletestreets.org
1643,bikecommuterchallenge.org
1644,uvalittleitaly.com
1645,hispanichousingdevelopment.com
1646,luminarts.org
1647,bikeandpark.com
1648,mentalhealthamerica.net
1649,ijj.org
1650,fbcdn-sphotos-h-a.akamaihd.net
1651,nhc.noaa.gov
1652,scorechicago.org
1653,chinastarnews.com
1654,bumperspace.com
1655,armigami.com
1656,tribecaflashpoint.edu
1657,carpls.org
1658,health2016.globalchange.gov
1659,cyberdriveillinois.com
1660,Southchicagochamber.org
1661,waterrf.org
1662,usa.gov
1663,peterfieldcustom.com
1664,thenearsouthplanningboard.org
1665,getschooled.com
1666,247hh.com
1667,project-decibel.com
1668,ust-global.com
1669,northrivercommission.org
1670,ibioinstitute.org
1671,architecture.org
1672,chicabs.org
1673,lucha.org
1674,chicago.maps.arcgis.com
1675,economicprogress.org
1676,chicagolighthouse.org
1677,unfccc.int
1678,osha.gov
1679,flwright.org
1680,jccchicago.org
1681,chooseChicago.com
1682,cpsarts.org
1683,lancecpa.com
1684,ethics.org
1685,thesoultrainimpact.wixsite.com
1686,thrivezones.com
1687,prescribetoprevent.org
1688,uschamber.com
1689,dryhootch.org
1690,socialmediaweek.org
1691,creativecypher.org
1692,greenplanetbottling.com
1693,climas.arizona.edu
1694,.state.il.us
1695,chicagotraffictracker.com
1696,lockton.com
1697,amadou-mariam.com
1698,chirpradio.org
1699,secure.comed.com
1700,picbchicago.org
1701,esotericdanceproject.com
1702,plus.google.com
1703,transitized.com
1704,seguin.org
1705,drivecleanchicago.com
1706,nature.com
1707,capsure.opencityapps.org
1708,innervoicechicago.org
1709,contemporarycreative.net
1710,toneross.com
1711,buildinggreen.com
1712,chicagobusinessinstitute.com
1713,kingstonmines.com
1714,citizencorps.com
1715,monster.com
1716,backtoschool.cdphapps.org
1717,hahana.soest.hawaii.edu
1718,urbangateways.org
1719,pangaeatech.com
1720,nenanaakiceclassic.com
1721,chicagooperatheater.org
1722,chicagobungalow.org
1723,chicago.github.io
1724,cyso.org
1725,egov.uscis.gov
1726,bloomberg.org
1727,socialserve.com
1728,propellerfund.org
1729,mpbhba.org
1730,.nau.edu
1731,alertchicago.com
1732,bzahm.com
1733,warbirdheritagefoundation.org
1734,cfwchicago.org
1735,grandtapestry.bandcamp.com
1736,health.lakecountyil.gov
1737,abcbirds.org
1738,content.time.com
1739,hourlypricing.comed.com
1740,visitmuseumcampussouth.com
1741,cpo.noaa.gov
1742,careers.jpmorganchase.com
1743,committeeonthebudget.cityofchicago.org
1744,smartchicagocollaborative.org
1745,cgla.net
1746,afrobella.com
1747,falconer.cps.k12.il.us
1748,sauganashchamber.org%20
1749,vivelohoy.com
1750,locations.weconnectchicago.org
1751,webapps1cityofchicago.org
1752,twitter.com
1753,outofsitechicago.org
1754,jobsatrush.com
1755,weisshospital.com
1756,vonsteuben.org
1757,hi.water.usgs.gov
1758,cntxtr.org
1759,transalt.org
1760,wdcb.org
1761,victimsofcrime.org
1762,usbr.gov
1763,seeclickfix.com
1764,chdistillery.com
1765,dqrfilms.com
1766,sae.edu
1767,ilenergyraters.org
1768,ne.water.usgs.gov
1769,rubschlagerbaking.com
1770,ncei.noaa.gov.
1771,aldermanmichelleharris.net
1772,oge.gov
1773,chicagoclimateaction.org
1774,earthpaintscs.com
1775,cityenergyproject.github.io
1776,illinoistech.org
1777,arcgis.com
1778,laboriqua.com
1779,ncseconference.org
1780,onenorthside.org
1781,iranhumanrights.socrata.com
1782,connectchicago.org
1783,dartcontainer.com
1784,annahovet.com
1785,greenroofs.com
1786,flickr.com
1787,skccollection.com
1788,americorps.gov
1789,ticketweb.com
1790,greenhomeguide.com
1791,stellalily.com
1792,volunteerlouisiana.gov
1793,majesticgents.net
1794,chicagoculturalplan.org
1795,cookcountyhhs.org
1796,knightlab.northwestern.edu
1797,bibliocommons.com
1798,ada.gov
1799,swankpublishing.com
1800,artsalliance.org
1801,mobile.twitter.com
1802,sonoramachicago.com
1803,retrofitchicagocbi.org
1804,anastasiachatzka.com
1805,sccmad.com
1806,aldermansposato.com
1807,hinsdalehumanesociety.org
1808,api1.chicagopolice.org
1809,mtgcc.org
1810,southsideirishparade.org
1811,thegatenewspaper.com
1812,gofundme.com
1813,videojs.com
1814,webmasters.googleblog.com
1815,learningenglish.voanews.com
1816,hbachicago.org
1817,anjaliray.com
1818,leedcouncil.org
1819,otssafety.com
1820,ward25.com
1821,project-open-data.cio.gov
1822,artsinthedark.org
1823,extraordinarycasting.net
1824,petharbor.com
1825,eprocurement.cityofchicago.org
1826,ipiweb.cityofchicago.org
1827,earthworkssystem.com
1828,grahamfoundation.org
1829,bikes.oobrien.com
1830,medterms.com
1831,4abpn833c0nr1zvwp7447f2b.wpengine.netdna-cdn.com
1832,neighborhoodopportunityfund.com
1833,daymearocena.com
1834,noaa.gov
1835,reverbnation.com
1836,isse.ucar.edu
1837,bicyclingambassadors.org
1838,wbdc.org
1839,everyblock.com
1840,alohacenterchicago.org
1841,latinofashionwk.com
1842,americangirl.com
1843,mercyhousing.org
1844,illinoisrestaurants.org
1845,aham.org
1846,thetrevorproject.org
1847,fastweb.org
1848,houseofblues.com
1849,alphabaking.com
1850,smugmug.com
1851,brownfieldstsc.org
1852,deanarose.com
1853,coastwatch.glerl.noaa.gov
1854,youtube.com
1855,chicagodetours.com
1856,isp.state.il.us
1857,clclaw.org
1858,movementrevolutiondancecrew.com
1859,eatright.org
1860,ideo.com
1861,phil-fak.uni-duesseldorf.de
1862,globalchange.umd.edu
1863,wgntv.com
1864,grahamschool.uchicago.edu
1865,aldermanburnett.org
1866,ccachicago.org
1867,artic.edu
1868,iacac.org
1869,danceintheparks.org
1870,jobstaxcredit.illinois.gov
1871,home.chicagopolice.org
1872,jmls.edu
1873,epa.state.il.us
1874,call2recycle.org
1875,practise.co.uk
1876,overcomeopioids.org
1877,oscars.org
1878,pestworld.org
1879,rosysimas.com
1880,3arts.org
1881,lakefxchicago.us
1882,chicagohumanities.org
1883,esrl.noaa.gov
1884,viatimes.net
1885,maps.google.com
1886,youcaring.com
1887,meetings.aaas.org
1888,.ncdc.noaa.gov
1889,ktq50.org
1890,50thwardchicago.com
1891,the20thward.com
1892,lakekinzie.com
1893,publicsurplus.com
1894,iafdb.travel.state.gov
1895,samhsa.gov
1896,ecbt.org
1897,goarro.com
1898,illinoisattorneygeneral.gov
1899,theerafootworkcrew.com
1900,ww5.komen.org
1901,chicagoyouthcenters.org
1902,sphotos-b.xx.fbcdn.net
1903,newpolimusic.com
1904,paseoboricua.org
1905,ward38.com
1906,flushots.cdphapps.org
1907,Colum.edu
1908,matterchicago.com
1909,iotwf.com
1910,emeraldcitytheatre.com
1911,salvationarmyusa.org
1912,wickerparkbucktown.com
1913,nwshc.org
1914,isac.org
1915,internetessentials.com
1916,chicagometropolis2020.org
1917,tchekamusic.com
1918,wulfka.com
1919,continentaltesting.net
1920,lpzoo.org
1921,ilcadv.org
1922,eventbrite.com
1923,teamworkenglewood.org
1924,nwconnection.org
1925,asdwa.org
1926,metersave.org
1927,feufollet.net
1928,workshopplanner.epa.gov
1929,fsd.gov
1930,joshuanelson.com
1931,illinoisproduction.org
1932,947trueoldies.com
1933,umbmentoring.org
1934,askchicago.org
1935,earth911.org
1936,newsmashingonline.com
1937,lockheedmartin.com
1938,ingenuity-inc.org
1939,wfmt.com
1940,thenoshfoodfest.com
1941,ComEd.com
1942,hivcareconnect.com
1943,chicagocrs.org
1944,phalanxgrpservices.org
1945,aeecenter.org
1946,committeeonspecialevents.cityofchicago.org
1947,experimentalstation.org
1948,lrc.usace.army.mil
1949,store.samhsa.gov
1950,thegbi.org
1951,essexinn.reachlocal.net
1952,chicagovma.org
1953,cane.udel.edu
1954,data.rtachicago.org
1955,satishvyas.in
1956,segundoruizbelvis.org
1957,fs.fed.us
1958,emberglo.com
1959,angelicagarcia.net
1960,eurosites.info
1961,chicat.org
1962,weather.com
1963,msichicago.org
1964,midwestscrewproducts.com
1965,fbcdn-sphotos-d-a.akamaihd.net
1966,midwestfilm.com
1967,chicagoartistsresource.org
1968,chicagoculturalaccess.org
1969,redfin.com
1970,csu.edu
1971,splcenter.org
1972,everyoneon.org
1973,cherylpope.net
1974,chicagofarmersmarkets.us
1975,wildlifeadaptationstrategy.gov
1976,statcounter.com
1977,shell.com
1978,lionwap.org
1979,chicagourbanartsociety.com
1980,dels-old.nas.edu
1981,featherfist.org
1982,nationaladaptationforum.org
1983,abandonedbikes.chicagocompletestreets.org
1984,greateravondale.org
1985,archive.epa.gov
1986,calumetareaindustrial.com
1987,chicagotonight.wttw.com
1988,apps.irs.gov
1989,scholarshipexperts.com
1990,iwlocal63.com
1991,eec.illinois.gov
1992,latinrhythmschicago.com
1993,npr.org
1994,chicagotribune.com
1995,ifsa.org
1996,buamusic.com
1997,art.org
1998,informationweek.com
1999,nnedv.org
2000,appsformetrochicago.com
2001,boeing.com
2002,pffamerica.com
2003,hybernate.org
2004,fhwa.dot.gov
2005,300ent.com
2006,safeboatingcampaign.com
2007,blackensembletheater.org
2008,cltv.com
2009,blackstarproject.org
2010,garfieldconservatory.org
2011,%20greaterenglewoodcdc.org
2012,westsidewriting.org
2013,civichack.adlerplanetarium.org
2014,pivotarts.org
2015,cybergrants.com
2016,poppiesdough.com
2017,chicagocopa.org
2018,work.illinois.gov
2019,reshealth.org
2020,cplmakerlab.wordpress.com
2021,southlakefrontplan.com
2022,chicagotrustfund.org
2023,erikson.edu
2024,peoplesmusicschool.org
2025,sba.gov
2026,galleries.apps.chicagotribune.com
2027,hullhousemuseum.org
2028,truetolifefoundation.org
2029,opengrid.io
2030,stereotheque.com
2031,greatbasinlcc.org
2032,revelersband.com
2033,meherdance.com
2034,stepupgettested.com
2035,macfound.org
2036,datamade.us
2037,peoplesgasdelivery.com
2038,fema.gov
2039,jatc-dftc.org
2040,uncf.org
2041,musomas.com
2042,cplfoundation.org
2043,chicagofashionfest.com
2044,timeline.verite.co
2045,batteredwomensnetwork.org
2046,peninsularfloridalcc.org
2047,temple.edu
2048,smartcommunitieschicago.org
2049,apps.ccc.edu
2050,chosenfewdjs.com
2051,dancingpetalskathak.com
2052,cdcnpin.org
2053,publictransportation.org
2054,chicagolandchamber.org
2055,chosenmodels.com
2056,chicagoareaproject.org
2057,chicagobar.org
2058,odemusic.com
2059,arctic.noaa.gov
2060,plainsandprairiepotholeslcc.org
2061,CBAWorks.org
2062,charitynavigator.org
2063,galleryguichard.com
2064,ninachanel.com
2065,scholarshipsonline.org
2066,secure.questdiagnostics.com
2067,journals.ametsoc.org
2068,dx.doi.org
2069,goladderup.org
2070,neighborhood-resources.chapinhall.org
2071,cdec.water.ca.gov
2072,ChicagoWearsCondoms.com
2073,gfdl.noaa.gov
2074,cakex.org
2075,luriegarden.org
2076,quigley.house.gov
2077,cabriniconnections.org
2078,chicagoconservationcorps.org
2079,balletchicago.org
2080,anandachicago.com
2081,online.wsj.com
2082,dynastypodcasts.com
2083,myspace.com
2084,aguijontheater.org
2085,youth-guidance.org
2086,chicagomade.us
2087,storify.com
2088,southeastchgochamber.org
2089,ccc-foundation.org
2090,wlsam.com
2091,westtownchamber.org
2092,svs.gsfc.nasa.gov
2093,driehausfoundation.org
2094,ccc.edu
2095,ihccbusiness.net
2096,californialcc.org
2097,illinoislegalaidonline.org
2098,farsouthcdc.org
2099,oliverobrien.co.uk
2100,industrialcouncil.com
2101,ca-core.org
2102,everbridge.com
2103,mgcba.org
2104,chicagojazz.com
2105,ebusiness.avma.org
2106,author.cityofchicago.org
2107,google.com
2108,claretianassociates.org
2109,thresholds.org
2110,channel9.msdn.com
2111,derekeder.com
2112,artistsandbrands.com
2113,wildbelle.com
2114,ridgehistoricalsociety.org
2115,smolchicago.com
2116,voxsambou.bandcamp.com
2117,dels.nas.edu
2118,allstate.com
2119,opencityapps.org
2120,translate.google.com
2121,strawdog.org
2122,rivernorthassociation.com
2123,braintreepayments.com
2124,brtchicago.com
2125,loshabanerosnyc.com
2126,neptune.gsfc.nasa.gov
2127,semircd.org
2128,ginzaholiday.com
2129,transportation.anl.gov
2130,israelifilmchi.org
2131,chicagoinnovationawards.com
2132,ozuzudances.com
2133,webapps1.cityofchicago.org:443
2134,ChooseChicago.com
2135,violationinfo.com
2136,elephantandworm.com
2137,gettestedchicago.com
2138,schwabfoundation.org
2139,smartcitiesinnovation.com
2140,youtu.be
2141,get.adobe.com
2142,chicagobluesfestival.us
2143,joycefdn.org
2144,cancer.org
2145,939myfm.iheart.com
2146,greenscenechicago.org
2147,whitehouse.gov
2148,sfpl.org
2149,fbcdn-sphotos-g-a.akamaihd.net
2150,jasonreblando.com
2151,clearstreets.org
2152,salarmychicago.org
2153,rebounces.com
2154,update.microsoft.com
2155,grammy.org
2156,parkvoyagers.org
2157,gaccinc.org
2158,southwest.com
2159,iiasa.ac.at
2160,leedbuilding.org
2161,jobcorps.gov
2162,dictionary.cambridge.org
2163,stopzikachicago.org
2164,commonapp.org
2165,kuumbalynx.com
2166,injusticeforallff.com
2167,thefatbabies.com
2168,ipcc.ch
2169,ready.gov
2170,southloopchamberofcommerce.com
2171,starevents.com
2172,parkingtickets.cityofchicago.org
2173,webapps1.ccc.edu
2174,chicagoarchitecturebiennial.org.%20
2175,annesart.com
2176,chicagochildrensmuseum.org
2177,orquestaelmacabeo.com
2178,evergreen.data.socrata.com
2179,greatnorthernlcc.org
2180,howardbrown.org
2181,buildsafe.org
2182,portalhome.dph.illinois.gov
2183,taxisharechicago.com
2184,arts.illinois.gov
2185,prep4love.com
2186,test311api.cityofchicago.org
2187,unep-wcmc.org
2188,eriehouse.org
2189,revenue.state.il.us
2190,bikewinter.org
2191,audemarspiguet.com
2192,map.chicagometers.com
2193,uicfreeartschool.wordpress.com
2194,ctabustracker.com
2195,csaff.org
2196,chicagoemmyonline.org
2197,weareopen.tv
2198,ihatoday.org
2199,kokogiak.com
2200,ccawwg.us
2201,traxrecords.net
2202,ntia.doc.gov
2203,oceanadapt.rutgers.edu
2204,ispfsb.com
2205,mkdocs.org
2206,mentalhealth.va.gov
2207,icjia.org
2208,bronzevillechildrensmuseum.com
2209,shopyesness.com
2210,careerbuilder.com
2211,chideas.org
2212,extrascastingagency.com
2213,g.co
2214,chicagofilmmakers.org
2215,ILEnergyNow.org
2216,washingtonpost.com
2217,integrysenergy.com
2218,emilybluemusic.com
2219,aarp.org
2220,walkabouttheater.org
2221,mp-security.org
2222,nca2014.globalchange.gov
2223,adirondackdailyenterprise.com
2224,redclaydance.com
2225,may3parade.org
2226,serve.gov
2227,meted.ucar.edu
2228,deeproot.com
2229,eepurl.com
2230,achp.gov
2231,elevateenergy.org
2232,gaia-movement.org
2233,chicagodancemakers.org
2234,reelabilitieschicago.org
2235,lcbh.org
2236,agage.mit.edu
2237,m.cityofchicago.org
2238,hab.hrsa.gov
2239,vaers.hhs.gov
2240,healthyplace.com
2241,residentadvisor.net
2242,ethics.house.gov
2243,chicago.va.gov
2244,ricaobsesion.net
2245,aigcs.org
2246,pilsenwellnesscenter.org
2247,cretors.com
2248,voaillinois.org
2249,1.usa.gov
2250,chipabf.org
2251,leslieahairston.com
2252,chicagoventuresummit.com
2253,riboliwines.com
2254,fda.gov
2255,nationalacademies.org
2256,asbdc-us.org
2257,northbranchworks.org
2258,rogers-park.com
2259,chicagoloopalliance.com
2260,webapps1.sfm.illinois.gov
2261,gao.gov
2262,latinstreetdancing.com
2263,ic3.gov
2264,storycorps.org
2265,gladrags.com
2266,urbanccd.org
2267,chicagotextileexpo.com
2268,ds.data.jma.go.jp
2269,ChicagoEarlyLearning.org
2270,v103.com
2271,listo.gov
2272,adityaprakashmusic.com
2273,midwestpesticideaction.org.
2274,auntmarthas.org
2275,seeclickfix.org
2276,aidsvu.org
2277,terrainexhibitions.com
2278,sonicbids.com
2279,brigade.codeforamerica.org
2280,ama-assn.org
2281,chicagodevelopmentfund.org
2282,lowemissionsasia.org
2283,helpinglostpets.com
2284,transitchatter.com
2285,lakegeorgeassociation.org
2286,rebuildingexchange.org
2287,chicagorecycles.org
2288,terracycle.com
2289,projectchicago.com
2290,yollocalli.org
2291,leavenoveteranbehind.org
2292,healthauthority.org
2293,ifpchicago.org
2294,tailsinc.com
2295,bigmachinelabelgroup.com
2296,cbpp.org
2297,getcoveredillinois.gov
2298,chicagobenchmarkingtraining3.eventbrite.com
2299,mortonarb.org
2300,chinesefinearts.org
2301,cpsc.gov
2302,cso.org
2303,divvybikes.tumblr.com
2304,fieldmuseum.org
2305,nbcchicago.com
2306,warriorsummit.org
2307,ec.gc.ca
2308,dusablemuseum.org
2309,hottix.org
2310,cnt.org
2311,business.uic.edu
2312,dancingwithclass.blogspot.com
2313,beyondtransparency.org
2314,chicagoirishfilmfestival.com
2315,edgar.jrc.ec.europa.eu
2316,aiachicago.org
2317,nrcsphoto-gallery.smugmug.com
2318,unep.org
2319,uno-online.org
2320,chicagopartnerships.com
2321,energymap.cityofchicago.org
2322,namigc.org
2323,weconnectchicago.org
2324,smoke-free.illinois.gov
2325,meganleedesigns.com
2326,goodmantheatre.org
2327,jobs.boeing.com
2328,bigcityswing.com
2329,roadhomeprogram.org
2330,living-future.org
2331,ctvnetwork.org
2332,trcwabash.org
2333,nlc.org
2334,en.seeclickfix.com
2335,aicp.com
2336,nwvu.org
2337,petsarelikefamily.org
2338,fbcdn-sphotos-c-a.akamaihd.net
2339,nad.org
2340,hrportal.cps.k12.il.us
2341,amillionthanks.org
2342,science.nature.nps.gov
2343,ilhousingsearch.org
2344,digital.chipublib.org
2345,gregoryporter.com
2346,k-amato.com
2347,wcms.epa.gov
2348,iit.edu
2349,letsplayplease.com
2350,wje.com
2351,iea.org
2352,kedzietractssa.com
2353,illinoismanufacturing.org
2354,chicagoflushots.org
2355,statescoop.com
2356,taxprepchicago.org
2357,faostat3.fao.org
2358,27thward.com
2359,cutgroup.org
2360,peachcarrdesigns.com
2361,cookcountyil.gov
2362,hepchope.com
2363,lyricopera.org
2364,mygroupenergy.com
2365,mapquest.com
2366,thegef.org
2367,fracturedatlas.org
2368,glchamber.org
2369,datasmart.ash.harvard.edu
2370,fabf.org
2371,caribbeanlcc.org
2372,48thward.org
2373,chicagosocialchange.org
2374,kpmgwomenspgachampionship.com
2375,lcdc.net
2376,chicagocompletestreets.org
2377,chicagomaroon.com
2378,bigthief.net
2379,recyclingsystemsinc.com
2380,ward42chicago.com
2381,chicago.stolenbike.org
2382,terrygotfired.com
2383,policy.chicagopolice.org
2384,careers.bankofamerica.com
2385,articles.redeyechicago.com
2386,ChicagoTrafficTracker.com
2387,iyjl.org
2388,fantacelah.com
2389,email.minigroupmail.com
2390,reelingfilmfestival.org
2391,sunstar.com
2392,qitvideo.com
2393,elections.il.gov
2394,chicagobikeshops.info
2395,confuciusinstituteinchicago.com
2396,womanmade.org
2397,icjia.state.il.us
2398,dacyairshows.com
2399,cfdforms.cityofchicago.org
2400,enterprisecommunity.org
2401,faremedia.chicago-card.com
2402,chicagocares.org
2403,archchicago.org
2404,regulations.gov
2405,uic.edu
2406,evanstondanceensemble.org
2407,acl.gov
2408,rtachicago.com
2409,peaceonearthfilmfestival.org
2410,irs.gov
2411,chicagoskyway.org
2412,brownfieldassociation.org
2413,gncdc.org
2414,youthjobcenter.org
2415,necpa.net
2416,humana.com
2417,cbatechworks.org
2418,lakeviewpantry.org
2419,my.uscis.gov
2420,thecegd.org
2421,chipublib.bibliocommons.com
2422,usgbc.org
2423,ccrchicago.org
2424,ward11.org
2425,va.gov
2426,capitalbikeshare.com
2427,intonationmusic.org
2428,jekyllrb.com
2429,climatechange.cityofchicago.org
2430,safeandwell.communityos.org
2431,presentingcbs.com
2432,military.com
2433,wcobar.com
2434,countycare.com
2435,cdiac.esd.ornl.gov
2436,ers.usda.gov
2437,univision.com
2438,webapps.cityofchicago.org
2439,comedmarketplace.com
2440,rushu.rush.edu
2441,sharinghisenergygallery.net
2442,forecast.weather.gov
2443,phius.org
2444,julietjewelry.com
2445,ccdsupport.com
2446,chicagoshakes.com
2447,terrancesimien.com
2448,docs.google.com
2449,30thwardchicago.com
2450,hydeparkart.org
2451,2017vendorfair.eventbrite.com
2452,mhai.org
2453,evanstonanimalshelter.net
2454,volcanoes.usgs.gov
2455,climate.nasa.gov
2456,harristheaterchicago.org
2457,saferoutespartnership.org
2458,greencorpschicago.org
2459,chicagoinspectorgeneral.org
2460,elcaobointernacional.com
2461,uchicago.edu
2462,snowcityarts.org
2463,hirenetwork.org
2464,lincolnparkchamber.com
2465,killionclothes.com
2466,queery.org
2467,fourthisking.com
2468,circlefamilycare.org
2469,fs.usda.gov
2470,chicago.docugateway.com
2471,gpo.gov
2472,flychicago.com
2473,visitor.r20.constantcontact.com
2474,NotifyChicago.org
2475,7-zip.org
2476,edgewaterartists.com
2477,climate.gi.alaska.edu
2478,dentaldreamteam.com
2479,portageparkchamber.org
2480,emmyonline.org
2481,statuestorieschicago.com
2482,redeyechicago.com
2483,mapbox.com
2484,chicago.opengrid.io
2485,s3.amazonaws.com
2486,orphansofthestorm.com
2487,chicagoplays.com
2488,chicagobenchmarkinghelp1.eventbrite.com
2489,cargocollective.com
2490,pkids.org
2491,2112inc.com
2492,barbarakeisman.com
2493,mwalliance.org
2494,slideshare.net
2495,govst.edu
2496,three-walls.org
2497,meabf.org
2498,gisapps.cityofchicago.org
2499,treasurer.il.gov
2500,nwblcc.org
2501,carolinerose.com
2502,fao.org
2503,creatingcrimson.com
2504,navy.mil
2505,seriousmaterials.com
2506,chicagocriticsfilmfestival.com
2507,goodcitychicago.org
2508,dhs.state.il.us
2509,chicagochildrenstheatre.org
2510,chicago.mwdbe.com
2511,brookings.edu
2512,raamac.cee.illinois.edu
2513,edgebrookchamber.com
2514,nimh.nih.gov
2515,rvcc.biz
2516,abclocal.go.com
2517,goodmourningcafe.com
2518,durbin.senate.gov
2519,enjoyillinois.com
2520,ccchoir.org
2521,aldermanervin.com
2522,united.com
2523,the100bestfleets.com
2524,kickstarter.com
2525,cogel.org
2526,divvy.magnani.com
2527,iupdate.dnb.com
2528,hydeparkjazzfestival.org
2529,idlanews.com
2530,downbeat.com
2531,blackpearl.org
2532,techopedia.com
2533,iwcc.il.gov
2534,andersonvilledevcorp.org
2535,app.chicagoelections.com
2536,espanol.epa.gov
2537,officialblog.yelp.com
2538,AIDSVu.org
2539,rogerrickshaw.com
2540,afterschoolchicago.org
2541,allschedulesapp.com
2542,chicago23ward.com
2543,wr.dhs.illinois.gov
